user_id,age,income,category,signup_date,is_active,score
1,39,73106.88,B,2020-01-01 00:00:00,True,66.02569000541024
2,33,57659.88,A,2020-01-01 01:00:00,True,59.061813343827765
3,41,37414.56,A,2020-01-01 02:00:00,False,84.55458128157184
4,50,26279.16,A,2020-01-01 03:00:00,True,27.80833665290414
5,32,51488.39,C,2020-01-01 04:00:00,True,68.88849859680198
6,32,44211.61,D,2020-01-01 05:00:00,True,67.19661305601092
7,50,56817.33,A,2020-01-01 06:00:00,True,35.39931742959448
8,42,49890.5,D,2020-01-01 07:00:00,True,65.10700004709739
9,30,61376.13,B,2020-01-01 08:00:00,True,55.042174445393435
10,40,27788.63,A,2020-01-01 09:00:00,True,46.587856100698886
11,30,70171.47,A,2020-01-01 10:00:00,True,37.64096769542
12,30,40086.7,B,2020-01-01 11:00:00,True,39.21335822826221
13,37,102501.27,C,2020-01-01 12:00:00,True,80.74718143678889
14,18,25729.82,C,2020-01-01 13:00:00,False,50.01024228436224
15,18,86507.11,A,2020-01-01 14:00:00,True,61.73195002297189
16,29,40092.93,A,2020-01-01 15:00:00,True,38.13650927498671
17,24,26220.35,B,2020-01-01 16:00:00,True,38.30220580667542
18,38,28511.34,A,2020-01-01 17:00:00,False,66.22977213874913
19,25,30940.66,A,2020-01-01 18:00:00,True,29.756356826727018
20,20,44895.06,A,2020-01-01 19:00:00,True,43.77179348142093
21,49,47165.49,C,2020-01-01 20:00:00,False,50.51041116608348
22,32,27259.3,D,2020-01-01 21:00:00,False,51.67058902760078
23,35,35875.96,B,2020-01-01 22:00:00,True,47.313600724757656
24,20,105993.73,D,2020-01-01 23:00:00,True,55.937296716438844
25,29,86143.65,A,2020-01-02 00:00:00,False,60.39283633726717
26,36,45168.8,B,2020-01-02 01:00:00,False,61.01956318188995
27,23,37012.16,A,2020-01-02 02:00:00,False,35.2129428699826
28,38,38561.73,B,2020-01-02 03:00:00,True,45.73767353106804
29,28,49353.25,D,2020-01-02 04:00:00,True,67.92144292815406
30,32,21776.87,B,2020-01-02 05:00:00,True,63.419707813608085
31,28,31930.33,A,2020-01-02 06:00:00,False,29.40710822778404
32,53,15767.53,B,2020-01-02 07:00:00,True,55.27219850528302
33,34,44338.63,A,2020-01-02 08:00:00,True,20.326621259377845
34,24,50191.35,C,2020-01-02 09:00:00,False,50.704023530905545
35,43,28521.31,B,2020-01-02 10:00:00,True,78.46650525118966
36,22,79777.23,B,2020-01-02 11:00:00,False,35.78160924096521
37,37,19675.26,B,2020-01-02 12:00:00,True,37.48515431762627
38,18,17462.53,B,2020-01-02 13:00:00,True,61.460446723592895
39,21,40628.53,A,2020-01-02 14:00:00,True,26.85797727185531
40,36,61300.86,B,2020-01-02 15:00:00,False,40.50867455172441
41,42,84285.39,A,2020-01-02 16:00:00,True,58.94661706372629
42,36,28869.99,C,2020-01-02 17:00:00,True,40.48571228465895
43,33,62276.56,C,2020-01-02 18:00:00,False,46.46045019183543
44,31,35622.96,C,2020-01-02 19:00:00,True,61.16278565472552
45,20,33312.45,B,2020-01-02 20:00:00,True,56.32319125304842
46,27,56490.62,B,2020-01-02 21:00:00,True,54.00227594443103
47,30,50320.18,A,2020-01-02 22:00:00,True,44.91316581094942
48,45,16511.36,C,2020-01-02 23:00:00,True,55.55091672903433
49,38,75983.4,A,2020-01-03 00:00:00,True,48.14400979850365
50,18,72406.09,B,2020-01-03 01:00:00,True,56.86708414888677
51,38,26561.52,A,2020-01-03 02:00:00,True,42.54601962323033
52,31,44262.88,A,2020-01-03 03:00:00,True,47.26146538430688
53,28,46491.05,B,2020-01-03 04:00:00,True,35.15063311171979
54,41,41371.06,A,2020-01-03 05:00:00,True,49.474885849906464
55,45,27580.04,C,2020-01-03 06:00:00,True,37.83498704556733
56,44,25956.78,A,2020-01-03 07:00:00,True,33.2893032475701
57,26,35854.45,A,2020-01-03 08:00:00,True,53.87991721783082
58,31,65275.01,B,2020-01-03 09:00:00,True,53.1910966378649
59,38,47657.73,A,2020-01-03 10:00:00,False,61.74310602422859
60,44,30172.7,A,2020-01-03 11:00:00,True,43.53311645637351
61,30,53415.13,C,2020-01-03 12:00:00,False,56.120792702551334
62,33,8740.55,A,2020-01-03 13:00:00,False,58.26196358410495
63,23,64497.57,C,2020-01-03 14:00:00,True,56.67160711747392
64,23,15216.61,A,2020-01-03 15:00:00,True,37.61519475796787
65,43,30296.26,A,2020-01-03 16:00:00,True,52.24045223406783
66,48,20747.17,C,2020-01-03 17:00:00,False,55.46210444081992
67,34,19008.84,A,2020-01-03 18:00:00,True,50.10767700361913
68,45,64887.7,A,2020-01-03 19:00:00,True,18.70283512443373
69,38,28743.0,A,2020-01-03 20:00:00,True,52.4073443596022
70,28,43185.15,A,2020-01-03 21:00:00,False,83.18796559095864
71,38,35473.45,C,2020-01-03 22:00:00,False,44.59941096864526
72,50,46097.8,A,2020-01-03 23:00:00,True,39.07884353217018
73,34,37737.55,C,2020-01-04 00:00:00,True,55.600228395670975
74,50,19120.26,C,2020-01-04 01:00:00,True,54.685673156998575
75,18,59762.49,B,2020-01-04 02:00:00,True,67.89102748124621
76,43,28370.97,D,2020-01-04 03:00:00,False,31.131977661366683
77,35,16675.72,A,2020-01-04 04:00:00,True,60.97070378862489
78,32,29317.57,D,2020-01-04 05:00:00,True,58.85633091877195
79,35,76909.13,A,2020-01-04 06:00:00,True,47.867801945891806
80,18,55554.0,B,2020-01-04 07:00:00,False,55.08030976882535
81,32,30505.86,B,2020-01-04 08:00:00,False,65.44186222397536
82,38,30496.62,A,2020-01-04 09:00:00,True,63.08473070042675
83,49,30920.74,B,2020-01-04 10:00:00,False,32.85471031889407
84,29,102577.51,C,2020-01-04 11:00:00,True,62.30237280133227
85,26,43957.02,A,2020-01-04 12:00:00,True,49.029670924512224
86,29,45027.15,A,2020-01-04 13:00:00,True,51.09311147023273
87,44,60787.64,C,2020-01-04 14:00:00,True,51.097954865025415
88,38,40920.83,B,2020-01-04 15:00:00,True,47.7463551680261
89,29,31903.75,D,2020-01-04 16:00:00,False,67.87561245660598
90,40,32919.65,C,2020-01-04 17:00:00,True,48.74423060226182
91,35,35038.38,D,2020-01-04 18:00:00,True,33.20680807425247
92,44,35645.88,C,2020-01-04 19:00:00,True,44.09705216045407
93,27,52251.02,A,2020-01-04 20:00:00,True,52.68042075215713
94,31,37271.08,A,2020-01-04 21:00:00,False,68.43822176445576
95,31,52382.09,C,2020-01-04 22:00:00,True,59.0464202742325
96,20,34879.05,B,2020-01-04 23:00:00,True,37.24197081879434
97,37,37771.78,A,2020-01-05 00:00:00,False,87.27784875018338
98,37,13371.75,A,2020-01-05 01:00:00,True,53.97162966466969
99,35,57420.91,D,2020-01-05 02:00:00,True,69.13086106998523
100,32,43184.82,B,2020-01-05 03:00:00,True,47.72428349634156
101,20,59814.6,B,2020-01-05 04:00:00,True,58.00038867058174
102,30,8534.5,B,2020-01-05 05:00:00,False,62.59202756777607
103,31,103175.57,A,2020-01-05 06:00:00,False,68.27292067631384
104,26,33867.3,A,2020-01-05 07:00:00,True,65.86052458067337
105,33,63202.01,A,2020-01-05 08:00:00,False,63.08295500109467
106,39,21591.33,A,2020-01-05 09:00:00,True,45.27369903208837
107,53,49334.9,C,2020-01-05 10:00:00,True,41.42380937065908
108,36,21445.97,B,2020-01-05 11:00:00,True,54.989112654862964
109,37,26585.35,C,2020-01-05 12:00:00,True,63.99692108511604
110,34,94562.44,C,2020-01-05 13:00:00,True,46.6591894883509
111,18,33013.07,A,2020-01-05 14:00:00,True,65.9775794857158
112,34,40486.2,B,2020-01-05 15:00:00,False,71.78925118229269
113,35,56108.01,B,2020-01-05 16:00:00,True,36.2551862138987
114,59,46529.46,C,2020-01-05 17:00:00,True,37.4461894430558
115,33,39152.1,A,2020-01-05 18:00:00,True,47.894374116419954
116,38,43585.53,B,2020-01-05 19:00:00,True,54.614190022837946
117,34,120777.8,B,2020-01-05 20:00:00,True,42.131494793494234
118,23,35284.2,A,2020-01-05 21:00:00,True,70.28304018300716
119,46,40156.9,A,2020-01-05 22:00:00,False,56.36100292277677
120,42,61409.95,B,2020-01-05 23:00:00,True,50.59170572361109
121,42,63118.11,C,2020-01-06 00:00:00,True,28.461357141972087
122,25,65743.44,A,2020-01-06 01:00:00,True,30.262762753587392
123,49,49979.35,B,2020-01-06 02:00:00,True,54.2151387542271
124,20,20506.51,A,2020-01-06 03:00:00,True,18.011065607677455
125,40,82183.99,C,2020-01-06 04:00:00,False,65.18956114466107
126,56,20472.29,A,2020-01-06 05:00:00,True,47.627692334415194
127,25,42248.23,C,2020-01-06 06:00:00,True,98.64639454392099
128,29,24905.95,A,2020-01-06 07:00:00,True,84.61874375924165
129,35,35169.37,A,2020-01-06 08:00:00,True,47.27826396128725
130,29,42803.76,A,2020-01-06 09:00:00,True,48.40494496203028
131,19,42645.57,A,2020-01-06 10:00:00,False,64.93372271003045
132,35,44844.69,B,2020-01-06 11:00:00,True,75.54758914877057
133,24,81377.62,A,2020-01-06 12:00:00,False,25.42956413845975
134,39,45559.17,C,2020-01-06 13:00:00,True,23.204368019679702
135,25,32142.09,A,2020-01-06 14:00:00,False,40.66947791668428
136,50,58808.61,A,2020-01-06 15:00:00,True,58.74106374760797
137,27,65823.7,A,2020-01-06 16:00:00,True,57.453103857613954
138,31,19657.14,A,2020-01-06 17:00:00,True,66.04657182475775
139,43,48957.12,A,2020-01-06 18:00:00,False,32.00453707452038
140,22,51564.38,B,2020-01-06 19:00:00,True,15.257842055466853
141,37,31295.14,B,2020-01-06 20:00:00,True,62.87021292953218
142,48,72247.53,B,2020-01-06 21:00:00,True,37.57705590552148
143,18,33690.53,B,2020-01-06 22:00:00,False,19.722682034170433
144,36,38668.8,B,2020-01-06 23:00:00,True,52.175956189390725
145,37,33305.04,A,2020-01-07 00:00:00,False,61.897635323280156
146,42,36599.49,B,2020-01-07 01:00:00,True,48.16914301818084
147,22,20991.28,D,2020-01-07 02:00:00,True,43.13227420726266
148,21,17676.2,B,2020-01-07 03:00:00,True,47.6095665178114
149,40,80599.89,B,2020-01-07 04:00:00,False,44.44125856398826
150,37,23778.08,A,2020-01-07 05:00:00,True,29.779293320897494
151,37,22121.47,C,2020-01-07 06:00:00,False,39.279789845143526
152,38,12373.41,C,2020-01-07 07:00:00,True,57.81919857520722
153,28,26384.16,B,2020-01-07 08:00:00,True,54.8251781206475
154,37,18740.74,D,2020-01-07 09:00:00,True,52.520897089502306
155,37,82537.46,A,2020-01-07 10:00:00,True,35.07277277219931
156,27,60168.76,A,2020-01-07 11:00:00,False,47.27745256796499
157,53,25743.18,C,2020-01-07 12:00:00,False,17.34402430335718
158,39,111995.94,C,2020-01-07 13:00:00,False,52.67714995828084
159,23,59330.73,A,2020-01-07 14:00:00,False,71.4328656172035
160,41,30871.36,A,2020-01-07 15:00:00,True,27.888018019368413
161,25,10407.66,A,2020-01-07 16:00:00,True,41.21108490023367
162,42,114173.13,A,2020-01-07 17:00:00,False,54.93660168065195
163,46,18128.01,C,2020-01-07 18:00:00,True,68.79263951641225
164,26,15951.38,B,2020-01-07 19:00:00,False,43.276630755497756
165,44,60553.66,A,2020-01-07 20:00:00,False,39.616245061011554
166,39,122992.2,A,2020-01-07 21:00:00,True,20.466152863758754
167,43,72557.63,A,2020-01-07 22:00:00,False,51.551571939621596
168,53,48144.13,A,2020-01-07 23:00:00,True,80.63114060215617
169,32,48892.4,B,2020-01-08 00:00:00,True,54.16037692947014
170,27,55642.79,D,2020-01-08 01:00:00,True,49.6658153122443
171,26,53075.16,C,2020-01-08 02:00:00,True,54.83123466150478
172,26,41797.66,A,2020-01-08 03:00:00,True,49.833619940770966
173,34,38257.72,C,2020-01-08 04:00:00,True,37.80478441609805
174,38,35196.55,C,2020-01-08 05:00:00,False,62.34919873516558
175,37,24909.83,C,2020-01-08 06:00:00,False,53.38642284667632
176,43,31560.53,B,2020-01-08 07:00:00,True,50.26419877900486
177,35,15576.55,A,2020-01-08 08:00:00,True,35.369509590826254
178,49,34573.06,A,2020-01-08 09:00:00,False,69.55261897902139
179,32,22152.47,A,2020-01-08 10:00:00,True,59.97054117999665
180,62,20914.65,A,2020-01-08 11:00:00,True,41.70618743949047
181,41,39733.39,A,2020-01-08 12:00:00,True,65.02737280522906
182,26,72838.59,B,2020-01-08 13:00:00,True,42.536437424221894
183,24,57478.04,C,2020-01-08 14:00:00,True,38.26994761233445
184,39,16560.07,B,2020-01-08 15:00:00,False,38.604453237795695
185,32,22140.99,A,2020-01-08 16:00:00,True,23.433971703678633
186,42,58127.0,D,2020-01-08 17:00:00,True,57.073135706273085
187,39,22220.18,D,2020-01-08 18:00:00,True,22.532826824924747
188,34,32457.39,C,2020-01-08 19:00:00,True,31.573342531013562
189,26,47811.72,D,2020-01-08 20:00:00,True,18.866179863822
190,19,22377.87,B,2020-01-08 21:00:00,False,48.7089546081366
191,30,38280.19,D,2020-01-08 22:00:00,False,47.74519309592192
192,43,18638.55,A,2020-01-08 23:00:00,True,45.09955680220454
193,37,26884.8,A,2020-01-09 00:00:00,False,34.36133457994136
194,22,42611.99,A,2020-01-09 01:00:00,False,32.416493698450395
195,36,16374.87,A,2020-01-09 02:00:00,False,56.96554795319861
196,38,45262.65,A,2020-01-09 03:00:00,True,41.74172102437268
197,26,35960.67,B,2020-01-09 04:00:00,True,54.74537482304217
198,36,47870.03,C,2020-01-09 05:00:00,True,36.72126970813666
199,35,40617.61,B,2020-01-09 06:00:00,True,52.71594114156623
200,23,71830.91,A,2020-01-09 07:00:00,True,69.54917055974096
201,38,38661.99,C,2020-01-09 08:00:00,True,58.79248700589175
202,40,29298.66,B,2020-01-09 09:00:00,False,43.813792726752794
203,45,38605.45,A,2020-01-09 10:00:00,False,53.85798455533891
204,45,47650.53,B,2020-01-09 11:00:00,False,46.3900223820468
205,21,37213.62,A,2020-01-09 12:00:00,True,50.11820277042092
206,25,37060.09,A,2020-01-09 13:00:00,True,45.115834217772445
207,40,25565.63,D,2020-01-09 14:00:00,True,47.53497191171913
208,40,26070.24,A,2020-01-09 15:00:00,True,53.18140029611263
209,40,18010.27,B,2020-01-09 16:00:00,True,35.09961950627074
210,73,87097.93,C,2020-01-09 17:00:00,True,34.761817595150326
211,40,19498.02,C,2020-01-09 18:00:00,True,29.171861692531834
212,46,25682.05,A,2020-01-09 19:00:00,False,25.995933432444353
213,44,25356.65,A,2020-01-09 20:00:00,True,31.74075961669281
214,41,56809.69,A,2020-01-09 21:00:00,False,52.39193760206194
215,31,31336.07,B,2020-01-09 22:00:00,True,36.60818726762174
216,42,67769.74,B,2020-01-09 23:00:00,True,57.70421696346644
217,27,25932.56,A,2020-01-10 00:00:00,True,50.52070623128843
218,32,41751.77,D,2020-01-10 01:00:00,True,20.472436798429193
219,30,23916.56,B,2020-01-10 02:00:00,True,59.824633763325345
220,35,106146.4,A,2020-01-10 03:00:00,True,62.16197968387565
221,58,20054.34,B,2020-01-10 04:00:00,True,35.0920598774772
222,18,42400.28,B,2020-01-10 05:00:00,True,56.302873143424875
223,41,49855.72,A,2020-01-10 06:00:00,True,37.15252643886201
224,18,44662.95,A,2020-01-10 07:00:00,False,51.46505565122503
225,30,33102.24,C,2020-01-10 08:00:00,True,31.032523895675517
226,45,34033.13,B,2020-01-10 09:00:00,False,23.103403211981348
227,35,37119.8,B,2020-01-10 10:00:00,True,44.257742155805474
228,24,33742.01,B,2020-01-10 11:00:00,False,48.14406580587746
229,27,58802.49,A,2020-01-10 12:00:00,False,44.03480459578094
230,41,109673.33,A,2020-01-10 13:00:00,True,32.239541626661605
231,27,27481.11,B,2020-01-10 14:00:00,True,44.00151406803295
232,37,18308.09,A,2020-01-10 15:00:00,False,54.03942128871101
233,35,34747.36,A,2020-01-10 16:00:00,True,49.326604548161946
234,28,131907.3,C,2020-01-10 17:00:00,True,52.7375154589882
235,56,24298.33,D,2020-01-10 18:00:00,True,39.94827199318651
236,41,82417.94,C,2020-01-10 19:00:00,False,67.57576872074239
237,18,84023.38,C,2020-01-10 20:00:00,False,32.35739995167829
238,36,27534.8,A,2020-01-10 21:00:00,True,57.31340445630078
239,28,48266.43,D,2020-01-10 22:00:00,True,67.72836639439942
240,43,81977.35,A,2020-01-10 23:00:00,True,57.21362139123343
241,27,30044.54,D,2020-01-11 00:00:00,True,46.96213659402755
242,33,32800.85,D,2020-01-11 01:00:00,False,42.07554430005531
243,40,27150.74,C,2020-01-11 02:00:00,True,65.54131476569384
244,43,21864.54,D,2020-01-11 03:00:00,True,28.655376121074905
245,22,26248.42,B,2020-01-11 04:00:00,True,35.44813609430535
246,31,19693.22,A,2020-01-11 05:00:00,False,44.03663351762418
247,30,36939.69,B,2020-01-11 06:00:00,True,68.56480636267997
248,28,24711.24,B,2020-01-11 07:00:00,True,55.69651454061344
249,52,40818.59,A,2020-01-11 08:00:00,True,35.47931362234632
250,39,16681.44,B,2020-01-11 09:00:00,True,45.34538441922645
251,22,42849.11,D,2020-01-11 10:00:00,True,40.78515283855558
252,44,55092.26,A,2020-01-11 11:00:00,True,39.353165116496974
253,56,13401.64,C,2020-01-11 12:00:00,True,64.68334337835168
254,45,43784.2,D,2020-01-11 13:00:00,False,29.423853061047417
255,19,67092.97,D,2020-01-11 14:00:00,False,74.1317128360156
256,30,19834.53,D,2020-01-11 15:00:00,False,62.42344535276934
257,47,83808.21,B,2020-01-11 16:00:00,True,66.36292505905547
258,27,44779.67,D,2020-01-11 17:00:00,False,43.05590731962113
259,39,25527.05,C,2020-01-11 18:00:00,True,47.75088921381336
260,42,35316.85,A,2020-01-11 19:00:00,True,28.50272278212932
261,25,48009.95,B,2020-01-11 20:00:00,True,42.130063893997956
262,34,37722.15,C,2020-01-11 21:00:00,True,57.40482271464727
263,18,47542.44,A,2020-01-11 22:00:00,True,69.44094592672094
264,24,22917.66,B,2020-01-11 23:00:00,True,33.392647747963224
265,32,39524.67,B,2020-01-12 00:00:00,True,44.517410945221016
266,22,17910.51,A,2020-01-12 01:00:00,True,47.73051169651217
267,51,34351.02,B,2020-01-12 02:00:00,True,29.063161967112723
268,20,23110.59,C,2020-01-12 03:00:00,True,58.87023862637601
269,30,25140.49,B,2020-01-12 04:00:00,True,39.14014502386087
270,36,67376.16,A,2020-01-12 05:00:00,False,47.06914473234464
271,49,62671.06,A,2020-01-12 06:00:00,False,43.22075942132184
272,20,49245.29,A,2020-01-12 07:00:00,True,38.159922414204885
273,46,21032.91,D,2020-01-12 08:00:00,True,49.89432521779168
274,35,31001.65,A,2020-01-12 09:00:00,True,46.76585632147967
275,25,66605.93,B,2020-01-12 10:00:00,False,44.42213176582002
276,39,38982.12,A,2020-01-12 11:00:00,True,39.07307567479486
277,36,115805.2,A,2020-01-12 12:00:00,True,54.79287006174433
278,28,44207.91,C,2020-01-12 13:00:00,True,74.80425902738428
279,35,39975.6,C,2020-01-12 14:00:00,True,52.09830849258691
280,31,31114.89,A,2020-01-12 15:00:00,True,64.94177322366693
281,36,38823.09,B,2020-01-12 16:00:00,False,29.14667112269806
282,41,33649.89,A,2020-01-12 17:00:00,True,52.36642158940654
283,50,51743.51,B,2020-01-12 18:00:00,True,33.539475215434
284,22,58591.87,B,2020-01-12 19:00:00,False,27.846126087021478
285,56,24514.14,A,2020-01-12 20:00:00,False,38.909428888114455
286,18,18664.59,A,2020-01-12 21:00:00,True,67.87849001620359
287,33,14499.9,A,2020-01-12 22:00:00,True,64.25023743004468
288,40,46816.72,D,2020-01-12 23:00:00,True,53.645070830815996
289,37,20916.98,D,2020-01-13 00:00:00,False,27.00949160165104
290,28,12376.5,A,2020-01-13 01:00:00,True,47.05579022918095
291,32,44103.27,C,2020-01-13 02:00:00,False,54.52550013352603
292,30,126310.67,A,2020-01-13 03:00:00,True,52.63304344367897
293,29,36205.44,A,2020-01-13 04:00:00,True,22.343096247788814
294,43,55229.11,C,2020-01-13 05:00:00,True,36.64523227970192
295,38,37832.15,D,2020-01-13 06:00:00,True,49.03883353776925
296,28,34563.56,D,2020-01-13 07:00:00,True,58.04436364275785
297,43,57499.89,B,2020-01-13 08:00:00,True,17.058082683500807
298,38,31409.41,A,2020-01-13 09:00:00,True,47.56814036780212
299,43,41510.27,C,2020-01-13 10:00:00,False,52.14573154818429
300,41,42652.83,A,2020-01-13 11:00:00,True,62.744179827743196
301,26,26002.68,B,2020-01-13 12:00:00,False,60.39286376356155
302,29,59636.39,A,2020-01-13 13:00:00,True,58.738569782132075
303,42,33273.62,B,2020-01-13 14:00:00,True,38.000892399470985
304,41,24887.66,A,2020-01-13 15:00:00,True,21.379967943150387
305,34,47489.07,A,2020-01-13 16:00:00,True,44.10420864407899
306,36,23173.53,D,2020-01-13 17:00:00,False,65.0244773781284
307,47,36830.83,A,2020-01-13 18:00:00,True,70.90181791286648
308,29,36150.3,B,2020-01-13 19:00:00,True,60.65823653446678
309,40,62501.62,A,2020-01-13 20:00:00,True,56.44011234202601
310,32,46043.83,A,2020-01-13 21:00:00,True,55.694594725789486
311,32,35863.9,A,2020-01-13 22:00:00,True,41.658218798588294
312,45,54659.76,A,2020-01-13 23:00:00,False,48.0490955966957
313,43,72773.25,C,2020-01-14 00:00:00,False,75.03604288739497
314,43,47997.55,A,2020-01-14 01:00:00,True,35.86162991312186
315,48,36503.97,D,2020-01-14 02:00:00,True,74.22168186064778
316,35,18846.49,B,2020-01-14 03:00:00,True,45.16957768261912
317,41,21320.9,B,2020-01-14 04:00:00,True,69.88148163642617
318,31,31175.49,B,2020-01-14 05:00:00,True,28.897774857536927
319,38,26775.54,B,2020-01-14 06:00:00,True,58.78856301746974
320,33,33074.38,C,2020-01-14 07:00:00,True,38.94844796078567
321,35,37358.84,A,2020-01-14 08:00:00,True,28.770992121137187
322,40,47327.48,A,2020-01-14 09:00:00,True,53.27801063616418
323,26,35057.7,C,2020-01-14 10:00:00,True,65.14207682893954
324,55,46316.37,D,2020-01-14 11:00:00,True,37.325878421097556
325,24,37505.29,C,2020-01-14 12:00:00,True,27.51476059312398
326,22,13524.62,B,2020-01-14 13:00:00,False,48.62232853497567
327,46,22704.82,C,2020-01-14 14:00:00,True,48.68847006834228
328,42,33791.22,B,2020-01-14 15:00:00,True,58.22479441331748
329,41,19833.99,B,2020-01-14 16:00:00,True,64.24391857046733
330,41,49019.05,A,2020-01-14 17:00:00,False,49.10877228091259
331,34,78071.11,B,2020-01-14 18:00:00,True,77.83254972191395
332,26,66794.83,A,2020-01-14 19:00:00,True,53.36352116802938
333,35,32639.5,A,2020-01-14 20:00:00,True,44.803602409896506
334,28,76524.26,C,2020-01-14 21:00:00,False,25.826489613457582
335,44,39117.83,A,2020-01-14 22:00:00,False,46.06010719525749
336,33,30682.78,A,2020-01-14 23:00:00,True,44.95419581883296
337,26,26723.5,A,2020-01-15 00:00:00,False,64.40457194422206
338,31,31218.47,D,2020-01-15 01:00:00,False,56.937254361002815
339,39,29908.91,B,2020-01-15 02:00:00,False,32.30946317551074
340,29,39545.54,B,2020-01-15 03:00:00,True,52.58381579616556
341,26,39351.41,C,2020-01-15 04:00:00,True,60.0729675759358
342,37,36370.85,C,2020-01-15 05:00:00,True,72.92047039081748
343,37,45182.68,A,2020-01-15 06:00:00,False,63.31255951121089
344,29,65862.41,B,2020-01-15 07:00:00,True,61.412699814672166
345,30,58382.83,C,2020-01-15 08:00:00,True,50.90128991922745
346,37,17284.25,B,2020-01-15 09:00:00,True,55.824680081351744
347,20,10127.8,A,2020-01-15 10:00:00,False,68.74257351059238
348,20,57939.81,C,2020-01-15 11:00:00,False,30.008339037805253
349,27,18334.88,B,2020-01-15 12:00:00,True,44.75841009174566
350,32,32455.24,A,2020-01-15 13:00:00,False,38.41146876865639
351,38,20230.44,B,2020-01-15 14:00:00,True,55.68729678089186
352,49,14750.17,A,2020-01-15 15:00:00,False,68.45333263476181
353,43,47606.82,A,2020-01-15 16:00:00,True,41.045385699183896
354,33,53081.17,C,2020-01-15 17:00:00,True,14.145434487958433
355,34,27221.02,A,2020-01-15 18:00:00,False,43.81668882463295
356,24,9941.56,B,2020-01-15 19:00:00,True,63.702105980261095
357,34,27636.09,B,2020-01-15 20:00:00,False,58.064448544248194
358,32,44174.46,A,2020-01-15 21:00:00,True,56.42279371715864
359,38,17336.06,D,2020-01-15 22:00:00,True,45.8001004718828
360,26,39802.3,A,2020-01-15 23:00:00,True,30.814538956703206
361,40,36038.57,A,2020-01-16 00:00:00,True,57.72941482436701
362,50,48515.85,A,2020-01-16 01:00:00,True,37.485772849480625
363,33,38553.04,A,2020-01-16 02:00:00,True,82.76145100070684
364,39,22325.07,A,2020-01-16 03:00:00,True,58.55760812531774
365,41,66057.82,C,2020-01-16 04:00:00,True,41.29027546169073
366,30,33548.09,D,2020-01-16 05:00:00,False,40.829221289170576
367,37,35823.08,A,2020-01-16 06:00:00,False,48.60583690079618
368,35,22773.8,B,2020-01-16 07:00:00,True,46.407471169673755
369,35,29096.08,C,2020-01-16 08:00:00,False,66.75250663294932
370,27,23332.41,C,2020-01-16 09:00:00,True,52.7962425461607
371,35,33307.14,B,2020-01-16 10:00:00,True,39.02552391637208
372,39,85464.32,A,2020-01-16 11:00:00,False,78.35661027733674
373,49,18288.9,A,2020-01-16 12:00:00,False,50.73962497280334
374,44,16207.34,C,2020-01-16 13:00:00,True,61.532595139533456
375,56,75779.66,C,2020-01-16 14:00:00,False,40.87660238832861
376,27,32706.8,A,2020-01-16 15:00:00,True,55.44673441616785
377,43,25989.91,A,2020-01-16 16:00:00,False,54.666649867147925
378,36,61080.77,D,2020-01-16 17:00:00,True,21.655260618557705
379,56,26827.75,C,2020-01-16 18:00:00,True,80.2291266569096
380,26,90490.93,D,2020-01-16 19:00:00,True,69.35966691383821
381,26,50968.49,C,2020-01-16 20:00:00,True,44.04207025781019
382,29,28454.01,A,2020-01-16 21:00:00,True,33.465953893162165
383,18,106793.69,B,2020-01-16 22:00:00,False,55.21342420705328
384,29,26826.42,B,2020-01-16 23:00:00,True,51.300465491215945
385,27,52630.32,A,2020-01-17 00:00:00,True,55.33503422844844
386,36,42177.67,B,2020-01-17 01:00:00,True,52.87366094291134
387,38,69624.42,C,2020-01-17 02:00:00,True,57.593614839588895
388,53,79281.14,A,2020-01-17 03:00:00,True,71.7095854908771
389,44,36901.3,C,2020-01-17 04:00:00,True,58.52154807692969
390,29,24916.64,B,2020-01-17 05:00:00,True,34.25516751635088
391,26,45706.06,D,2020-01-17 06:00:00,True,70.43844279068678
392,39,25877.84,A,2020-01-17 07:00:00,True,74.60921845232431
393,21,99378.75,A,2020-01-17 08:00:00,False,97.28085101768127
394,53,38881.26,B,2020-01-17 09:00:00,False,33.14758950140603
395,46,30252.65,A,2020-01-17 10:00:00,True,53.64323019725413
396,30,39828.59,C,2020-01-17 11:00:00,True,18.76851945216519
397,18,18516.86,C,2020-01-17 12:00:00,True,58.29723734568814
398,48,22341.32,A,2020-01-17 13:00:00,True,41.776995527498414
399,33,66184.86,B,2020-01-17 14:00:00,True,78.8516869223743
400,47,26148.65,B,2020-01-17 15:00:00,True,38.38077544972127
401,19,21515.84,A,2020-01-17 16:00:00,True,24.662254430491075
402,29,47492.47,D,2020-01-17 17:00:00,True,42.9310438894622
403,35,65699.86,C,2020-01-17 18:00:00,True,20.36768343174294
404,35,52024.84,B,2020-01-17 19:00:00,False,61.26649181760965
405,30,59755.94,C,2020-01-17 20:00:00,False,19.02375430615519
406,41,24874.6,B,2020-01-17 21:00:00,True,50.42686371774738
407,24,17838.15,D,2020-01-17 22:00:00,True,18.83282270215705
408,33,76931.2,B,2020-01-17 23:00:00,False,45.19553293195037
409,36,30904.59,C,2020-01-18 00:00:00,False,74.65067233706802
410,40,32034.97,C,2020-01-18 01:00:00,True,55.409718371536925
411,42,70551.42,A,2020-01-18 02:00:00,True,37.04759592552599
412,23,47959.64,C,2020-01-18 03:00:00,True,49.53194766591374
413,19,45612.81,A,2020-01-18 04:00:00,True,50.2702530806667
414,47,107205.32,A,2020-01-18 05:00:00,True,57.08945518765108
415,38,26324.12,A,2020-01-18 06:00:00,True,29.497124550787603
416,27,57752.39,D,2020-01-18 07:00:00,True,58.88850910770996
417,50,37365.63,C,2020-01-18 08:00:00,True,9.434125525958372
418,36,41535.18,C,2020-01-18 09:00:00,False,40.551731714542846
419,46,77982.07,C,2020-01-18 10:00:00,True,42.67589236322683
420,35,46813.08,B,2020-01-18 11:00:00,True,59.499902391068574
421,55,47531.51,D,2020-01-18 12:00:00,True,50.339462790153036
422,52,62084.63,B,2020-01-18 13:00:00,True,28.9165541921557
423,32,30258.23,A,2020-01-18 14:00:00,False,35.225103112744776
424,44,23870.42,A,2020-01-18 15:00:00,True,52.98020014321111
425,41,21538.46,C,2020-01-18 16:00:00,True,48.813989872031655
426,48,13586.36,C,2020-01-18 17:00:00,False,41.313138355463806
427,25,101529.39,A,2020-01-18 18:00:00,True,42.78749315732031
428,41,20918.64,A,2020-01-18 19:00:00,False,60.44251995738934
429,45,32512.28,C,2020-01-18 20:00:00,True,42.23461140696178
430,18,31621.53,A,2020-01-18 21:00:00,True,48.6786313395639
431,23,42349.14,C,2020-01-18 22:00:00,True,82.54904882120815
432,18,54604.34,D,2020-01-18 23:00:00,True,28.644760446741156
433,32,55839.5,B,2020-01-19 00:00:00,False,22.222359026380122
434,42,27131.79,A,2020-01-19 01:00:00,False,61.7538449719791
435,50,33404.27,C,2020-01-19 02:00:00,True,39.82035408058845
436,35,41826.69,C,2020-01-19 03:00:00,True,45.226437083860695
437,51,32069.3,B,2020-01-19 04:00:00,False,38.28265432803329
438,21,81119.02,D,2020-01-19 05:00:00,False,46.10299788848731
439,18,46420.08,A,2020-01-19 06:00:00,True,73.97807168144512
440,34,52440.73,B,2020-01-19 07:00:00,True,62.03192687927179
441,38,50586.53,C,2020-01-19 08:00:00,True,62.93335267830466
442,34,65299.32,C,2020-01-19 09:00:00,False,28.756594163110318
443,18,39755.79,A,2020-01-19 10:00:00,True,32.73269395170696
444,34,18988.41,C,2020-01-19 11:00:00,True,7.413820107718593
445,21,44348.94,B,2020-01-19 12:00:00,False,37.859287683758694
446,41,26221.15,A,2020-01-19 13:00:00,True,64.35054779578488
447,38,27880.75,A,2020-01-19 14:00:00,True,57.754197736225564
448,25,48687.71,C,2020-01-19 15:00:00,True,46.67730105571814
449,29,67449.98,A,2020-01-19 16:00:00,True,49.665495744229204
450,24,36703.81,A,2020-01-19 17:00:00,True,39.66671686136892
451,34,42379.35,A,2020-01-19 18:00:00,True,53.07138323602676
452,44,85059.6,C,2020-01-19 19:00:00,True,61.48817419220922
453,25,40961.04,B,2020-01-19 20:00:00,True,25.76169818884291
454,40,133364.54,C,2020-01-19 21:00:00,False,54.49471531756022
455,29,48182.68,A,2020-01-19 22:00:00,False,63.98652306432001
456,27,15057.31,B,2020-01-19 23:00:00,True,43.773495665549454
457,33,52927.1,B,2020-01-20 00:00:00,True,60.51050918180876
458,24,43939.95,C,2020-01-20 01:00:00,True,92.2198166670883
459,29,69208.32,D,2020-01-20 02:00:00,True,48.43485810519662
460,23,50847.73,A,2020-01-20 03:00:00,True,55.89960575007986
461,54,33886.5,B,2020-01-20 04:00:00,True,38.92914374507913
462,35,19689.7,A,2020-01-20 05:00:00,True,52.718767439030756
463,28,32711.71,B,2020-01-20 06:00:00,True,56.904074374734556
464,37,23735.8,A,2020-01-20 07:00:00,True,52.92263510405207
465,33,27166.46,A,2020-01-20 08:00:00,True,34.70457020436715
466,32,48741.65,A,2020-01-20 09:00:00,True,53.09542656988176
467,41,83696.48,B,2020-01-20 10:00:00,True,71.93293908076456
468,42,44237.84,A,2020-01-20 11:00:00,True,56.72953646771791
469,29,19971.44,C,2020-01-20 12:00:00,False,64.42980783607761
470,29,45356.16,B,2020-01-20 13:00:00,False,46.444820449810585
471,32,66059.8,A,2020-01-20 14:00:00,True,61.24850359135566
472,18,26771.91,C,2020-01-20 15:00:00,True,54.18901757324789
473,19,33961.79,A,2020-01-20 16:00:00,True,35.73633905469152
474,48,36583.19,B,2020-01-20 17:00:00,True,54.77781507198311
475,51,24527.52,B,2020-01-20 18:00:00,True,35.12455004839534
476,32,50218.57,A,2020-01-20 19:00:00,False,40.50679587672812
477,40,34184.44,A,2020-01-20 20:00:00,True,52.83992460938561
478,38,44791.17,A,2020-01-20 21:00:00,False,54.45866410070186
479,65,23301.05,D,2020-01-20 22:00:00,True,32.161513023843064
480,46,29180.93,B,2020-01-20 23:00:00,True,65.80978656774315
481,33,52114.09,B,2020-01-21 00:00:00,False,58.580094174507096
482,25,30139.25,B,2020-01-21 01:00:00,True,39.429073465836744
483,18,86118.71,A,2020-01-21 02:00:00,True,26.93622805326237
484,37,29738.03,B,2020-01-21 03:00:00,True,47.82643131377853
485,27,40633.27,C,2020-01-21 04:00:00,True,43.3108442920826
486,20,57889.74,A,2020-01-21 05:00:00,False,51.69710685579534
487,28,17868.9,A,2020-01-21 06:00:00,True,44.5532500826665
488,24,15056.96,A,2020-01-21 07:00:00,False,19.88814708882485
489,51,16935.58,B,2020-01-21 08:00:00,False,44.17479592548263
490,43,68274.53,D,2020-01-21 09:00:00,False,45.415713333975305
491,34,27558.63,A,2020-01-21 10:00:00,True,59.50491537161088
492,49,130496.23,B,2020-01-21 11:00:00,True,39.527004880834255
493,35,27388.44,A,2020-01-21 12:00:00,False,75.1801201005885
494,26,39826.02,D,2020-01-21 13:00:00,True,21.325391740223644
495,50,78515.79,A,2020-01-21 14:00:00,True,69.66751246703936
496,40,99016.96,B,2020-01-21 15:00:00,True,46.63521543682843
497,24,101798.62,C,2020-01-21 16:00:00,True,62.89377308515334
498,33,66448.54,C,2020-01-21 17:00:00,True,51.197022260881
499,26,60598.85,B,2020-01-21 18:00:00,True,67.09333304038203
500,21,48837.98,A,2020-01-21 19:00:00,True,44.18957053170783
501,44,53593.36,A,2020-01-21 20:00:00,False,33.520693622332814
502,54,27567.89,A,2020-01-21 21:00:00,True,71.30756430906595
503,21,24122.51,A,2020-01-21 22:00:00,False,48.29779031176788
504,40,36254.28,B,2020-01-21 23:00:00,True,53.32337710436316
505,28,33353.16,A,2020-01-22 00:00:00,False,68.52127871067192
506,30,28951.75,A,2020-01-22 01:00:00,True,34.52067136858348
507,29,51441.15,B,2020-01-22 02:00:00,False,58.93236346458886
508,26,58550.95,D,2020-01-22 03:00:00,True,41.15157865305664
509,35,37956.78,B,2020-01-22 04:00:00,False,48.01745966533442
510,26,76021.01,A,2020-01-22 05:00:00,True,51.084184480764335
511,37,20520.0,A,2020-01-22 06:00:00,False,27.49667207829596
512,34,32963.96,D,2020-01-22 07:00:00,False,38.317444357693475
513,32,25376.75,A,2020-01-22 08:00:00,True,70.26609338619708
514,25,14281.66,A,2020-01-22 09:00:00,True,63.29286782877193
515,29,34844.82,B,2020-01-22 10:00:00,False,49.060406340091475
516,42,34170.78,B,2020-01-22 11:00:00,True,53.64685187769339
517,40,77398.67,B,2020-01-22 12:00:00,False,45.58636241545314
518,25,49781.86,A,2020-01-22 13:00:00,True,70.34875078741973
519,35,21761.69,A,2020-01-22 14:00:00,True,46.994711333087544
520,42,91770.51,D,2020-01-22 15:00:00,False,53.47763138202272
521,18,66870.74,A,2020-01-22 16:00:00,True,67.19045216213098
522,40,48583.97,B,2020-01-22 17:00:00,False,38.3394277273114
523,28,32427.37,C,2020-01-22 18:00:00,True,73.3818377674534
524,40,22477.73,B,2020-01-22 19:00:00,True,27.043078853849348
525,27,30148.69,A,2020-01-22 20:00:00,True,74.44463196669199
526,18,62590.85,A,2020-01-22 21:00:00,True,44.40986624072038
527,18,93180.44,B,2020-01-22 22:00:00,True,46.359518782620775
528,35,78560.3,C,2020-01-22 23:00:00,True,21.649847432255857
529,37,28440.67,D,2020-01-23 00:00:00,True,43.17807923933461
530,25,20747.71,A,2020-01-23 01:00:00,True,34.402902034596735
531,41,38965.94,A,2020-01-23 02:00:00,False,40.88530481939791
532,18,14999.62,D,2020-01-23 03:00:00,True,47.94033551316681
533,34,42684.19,C,2020-01-23 04:00:00,True,64.36687421709358
534,22,33731.88,C,2020-01-23 05:00:00,True,53.11405027100939
535,28,28766.93,A,2020-01-23 06:00:00,True,54.615149801016706
536,35,16360.88,B,2020-01-23 07:00:00,False,33.56720916731656
537,26,46948.2,C,2020-01-23 08:00:00,True,36.78868865595905
538,31,27823.87,B,2020-01-23 09:00:00,True,76.98087527526968
539,45,20232.42,B,2020-01-23 10:00:00,True,38.9719844785513
540,29,8637.5,A,2020-01-23 11:00:00,True,74.84312378085943
541,43,35819.31,B,2020-01-23 12:00:00,False,46.354082016787004
542,23,88091.01,A,2020-01-23 13:00:00,True,50.03431904215256
543,40,83335.47,B,2020-01-23 14:00:00,False,66.05547740344895
544,49,28895.81,D,2020-01-23 15:00:00,True,69.07838632907985
545,18,26873.45,A,2020-01-23 16:00:00,True,48.33781159581369
546,27,45907.65,C,2020-01-23 17:00:00,False,44.17635419717692
547,40,22044.25,A,2020-01-23 18:00:00,True,49.161193272166805
548,32,42230.41,B,2020-01-23 19:00:00,True,55.069362923481776
549,38,53265.29,D,2020-01-23 20:00:00,True,63.36955530304633
550,28,67068.29,A,2020-01-23 21:00:00,True,50.06344788491227
551,35,34541.71,A,2020-01-23 22:00:00,True,59.2832944703473
552,33,32799.32,B,2020-01-23 23:00:00,True,74.57539598406412
553,46,23412.11,A,2020-01-24 00:00:00,True,55.719644183971766
554,37,24018.02,C,2020-01-24 01:00:00,True,54.674792840071675
555,38,32427.45,D,2020-01-24 02:00:00,True,27.216337623648982
556,30,43637.96,B,2020-01-24 03:00:00,True,10.53904794756405
557,30,57342.21,A,2020-01-24 04:00:00,True,55.82563593845252
558,30,24304.35,B,2020-01-24 05:00:00,True,48.57763653078692
559,38,76599.38,C,2020-01-24 06:00:00,False,42.278259876278874
560,30,31711.61,A,2020-01-24 07:00:00,True,53.65295306279517
561,37,35929.59,B,2020-01-24 08:00:00,False,49.093944062046376
562,55,24994.08,B,2020-01-24 09:00:00,True,66.91670375950848
563,43,10806.25,B,2020-01-24 10:00:00,True,51.29166302388467
564,31,56501.51,A,2020-01-24 11:00:00,True,38.796150723947484
565,47,52492.31,C,2020-01-24 12:00:00,True,64.85249358438934
566,30,31550.23,A,2020-01-24 13:00:00,True,46.743033875806965
567,18,37552.5,A,2020-01-24 14:00:00,True,57.898050255084605
568,24,47003.14,C,2020-01-24 15:00:00,True,42.83883940710799
569,18,16626.07,C,2020-01-24 16:00:00,False,40.25259671753845
570,31,27874.67,A,2020-01-24 17:00:00,True,51.262523452785445
571,35,54021.23,A,2020-01-24 18:00:00,True,50.19242965315528
572,51,19396.64,A,2020-01-24 19:00:00,False,57.19740553050249
573,38,42056.91,A,2020-01-24 20:00:00,True,45.97031370035386
574,32,18429.52,A,2020-01-24 21:00:00,True,22.45460324344404
575,43,45853.88,A,2020-01-24 22:00:00,True,43.50839174617417
576,18,35674.07,B,2020-01-24 23:00:00,False,61.907277007157234
577,37,16194.62,C,2020-01-25 00:00:00,False,45.5393588113534
578,42,65014.77,B,2020-01-25 01:00:00,True,46.30424896228178
579,20,25152.29,B,2020-01-25 02:00:00,True,64.79564758858905
580,46,24218.54,A,2020-01-25 03:00:00,False,39.32040159111616
581,38,40146.26,D,2020-01-25 04:00:00,True,26.857951726356504
582,30,64493.43,C,2020-01-25 05:00:00,True,47.59053320711759
583,41,21852.9,C,2020-01-25 06:00:00,True,42.737390731268945
584,57,37452.92,C,2020-01-25 07:00:00,True,35.50630520370119
585,36,44999.57,D,2020-01-25 08:00:00,True,47.36932316151964
586,37,51356.81,B,2020-01-25 09:00:00,True,57.37258470870175
587,30,39664.85,A,2020-01-25 10:00:00,True,49.860671576482765
588,26,30226.86,B,2020-01-25 11:00:00,True,54.604716090293564
589,43,24009.5,C,2020-01-25 12:00:00,False,77.20111547773135
590,26,37913.86,C,2020-01-25 13:00:00,True,44.85681707663654
591,35,21246.14,B,2020-01-25 14:00:00,True,54.17522951967004
592,30,8428.08,A,2020-01-25 15:00:00,True,42.36179956101298
593,39,45174.13,A,2020-01-25 16:00:00,True,37.304604201695405
594,38,57066.21,D,2020-01-25 17:00:00,True,41.22638519873345
595,45,11142.63,B,2020-01-25 18:00:00,True,42.81862142717467
596,29,21919.56,B,2020-01-25 19:00:00,False,55.39213696320688
597,32,49492.54,A,2020-01-25 20:00:00,False,85.23613680051136
598,25,101594.81,A,2020-01-25 21:00:00,True,39.259348455862394
599,30,36695.04,C,2020-01-25 22:00:00,True,43.75062041576806
600,38,25235.29,B,2020-01-25 23:00:00,True,49.053154803331275
601,42,33141.84,C,2020-01-26 00:00:00,False,55.93698273064621
602,25,72217.54,B,2020-01-26 01:00:00,False,53.953262179321776
603,43,26291.95,B,2020-01-26 02:00:00,True,69.26143690922176
604,48,24352.85,A,2020-01-26 03:00:00,True,13.604118941971876
605,39,28527.63,C,2020-01-26 04:00:00,False,14.196051947064909
606,53,22546.51,B,2020-01-26 05:00:00,True,42.56182741984776
607,27,38612.65,B,2020-01-26 06:00:00,True,66.45950281315564
608,22,81825.09,B,2020-01-26 07:00:00,True,26.515279525916057
609,18,42682.3,D,2020-01-26 08:00:00,True,4.8855149045936415
610,49,32010.63,A,2020-01-26 09:00:00,False,58.56769109328813
611,41,31385.28,C,2020-01-26 10:00:00,False,53.65485835554072
612,34,16620.71,A,2020-01-26 11:00:00,True,33.64687389800855
613,37,56475.09,B,2020-01-26 12:00:00,True,35.21690598918605
614,23,34929.3,A,2020-01-26 13:00:00,True,35.45384420547988
615,59,33181.91,A,2020-01-26 14:00:00,True,51.6580297621091
616,36,179253.05,B,2020-01-26 15:00:00,True,40.605270857254894
617,36,42166.29,A,2020-01-26 16:00:00,True,57.4109587846328
618,42,24936.91,B,2020-01-26 17:00:00,True,7.1806000564341375
619,39,29343.35,D,2020-01-26 18:00:00,True,37.14722202308301
620,37,64487.25,A,2020-01-26 19:00:00,True,33.10919058633425
621,27,38431.6,C,2020-01-26 20:00:00,True,46.15488982441262
622,39,17691.88,B,2020-01-26 21:00:00,True,41.92928362264792
623,53,57504.27,B,2020-01-26 22:00:00,True,61.9676566984365
624,48,26001.98,A,2020-01-26 23:00:00,False,22.109948425099137
625,50,92655.99,A,2020-01-27 00:00:00,True,50.68237214496128
626,29,62319.15,A,2020-01-27 01:00:00,True,58.37504634817558
627,25,29037.37,A,2020-01-27 02:00:00,False,77.84971154842933
628,33,68906.66,A,2020-01-27 03:00:00,False,42.77351043359787
629,35,37568.75,B,2020-01-27 04:00:00,True,54.866879065287755
630,45,55624.93,C,2020-01-27 05:00:00,False,22.942058111564528
631,18,46275.43,C,2020-01-27 06:00:00,True,14.120656935304645
632,50,23785.27,B,2020-01-27 07:00:00,True,62.6716156367255
633,33,26323.7,A,2020-01-27 08:00:00,True,49.91659559527894
634,30,60777.83,A,2020-01-27 09:00:00,True,67.67769034697633
635,24,30718.25,A,2020-01-27 10:00:00,True,29.398956665453763
636,18,29678.43,A,2020-01-27 11:00:00,True,57.79853209293129
637,43,22526.3,B,2020-01-27 12:00:00,True,78.0322676081578
638,35,44882.33,B,2020-01-27 13:00:00,True,56.295584125358985
639,22,101850.61,A,2020-01-27 14:00:00,True,54.148722583865734
640,22,21295.13,A,2020-01-27 15:00:00,True,50.12834121236525
641,31,36757.95,C,2020-01-27 16:00:00,True,26.43677814311132
642,51,73578.66,C,2020-01-27 17:00:00,False,70.33359403565522
643,32,34897.81,A,2020-01-27 18:00:00,False,40.83713540292401
644,19,45532.69,D,2020-01-27 19:00:00,False,57.567248845745254
645,32,21349.92,D,2020-01-27 20:00:00,True,26.554485401431197
646,32,44988.11,A,2020-01-27 21:00:00,False,32.308105032383295
647,18,33071.52,A,2020-01-27 22:00:00,True,71.52631098833353
648,34,59448.46,B,2020-01-27 23:00:00,True,44.790465665632354
649,32,65755.13,D,2020-01-28 00:00:00,True,71.79913214063816
650,41,132558.83,C,2020-01-28 01:00:00,True,48.82654011412223
651,53,48524.14,A,2020-01-28 02:00:00,True,22.37153340563214
652,46,42740.33,A,2020-01-28 03:00:00,True,63.381013995975806
653,32,40022.3,B,2020-01-28 04:00:00,False,41.15161523366588
654,23,30437.08,B,2020-01-28 05:00:00,True,60.480332202755655
655,60,43012.32,A,2020-01-28 06:00:00,True,50.37816301310123
656,35,31328.99,C,2020-01-28 07:00:00,False,26.853226580856944
657,35,39506.89,B,2020-01-28 08:00:00,True,52.464421480558535
658,34,70178.6,C,2020-01-28 09:00:00,True,82.94334713229199
659,36,21954.53,C,2020-01-28 10:00:00,True,57.394796877716885
660,33,64211.61,C,2020-01-28 11:00:00,True,49.13723370491805
661,29,70161.68,B,2020-01-28 12:00:00,True,66.13015102935347
662,29,34233.7,B,2020-01-28 13:00:00,True,53.16002697804666
663,34,12570.05,A,2020-01-28 14:00:00,True,53.14301345394192
664,29,26798.17,B,2020-01-28 15:00:00,True,33.62562241761346
665,27,69459.37,A,2020-01-28 16:00:00,True,53.50772038684398
666,36,35902.63,B,2020-01-28 17:00:00,True,65.53165124625417
667,32,22034.15,A,2020-01-28 18:00:00,True,37.45906771849963
668,50,28215.1,A,2020-01-28 19:00:00,False,71.36743731870422
669,18,55287.94,A,2020-01-28 20:00:00,True,48.62440963782311
670,45,47732.45,A,2020-01-28 21:00:00,True,36.68345732692189
671,47,32226.16,C,2020-01-28 22:00:00,True,64.96448115380366
672,18,30229.93,C,2020-01-28 23:00:00,True,45.69808646392596
673,31,29855.4,B,2020-01-29 00:00:00,True,61.39272331229162
674,31,22897.77,A,2020-01-29 01:00:00,True,45.623620516121946
675,20,81445.38,A,2020-01-29 02:00:00,False,49.102607847051445
676,27,30910.15,A,2020-01-29 03:00:00,False,57.40340306501437
677,23,66741.3,A,2020-01-29 04:00:00,True,54.36345586385009
678,52,77703.69,C,2020-01-29 05:00:00,False,20.067023293223922
679,44,59823.6,A,2020-01-29 06:00:00,True,33.181343898584124
680,47,29266.24,A,2020-01-29 07:00:00,True,63.94114977186223
681,42,44438.66,A,2020-01-29 08:00:00,True,48.01795116647679
682,23,35878.81,A,2020-01-29 09:00:00,True,42.144030458428674
683,29,23112.97,B,2020-01-29 10:00:00,False,29.621389771137885
684,39,42709.63,B,2020-01-29 11:00:00,True,33.803955180862275
685,22,20140.34,A,2020-01-29 12:00:00,True,19.67302040057079
686,42,65764.78,A,2020-01-29 13:00:00,False,48.480789219477
687,32,28787.35,A,2020-01-29 14:00:00,True,41.0234362912843
688,31,40158.12,A,2020-01-29 15:00:00,True,35.50118163522027
689,42,41841.5,A,2020-01-29 16:00:00,True,48.9781486224807
690,39,31905.94,D,2020-01-29 17:00:00,False,55.45955946279107
691,31,48695.74,B,2020-01-29 18:00:00,False,81.39796898314917
692,46,28639.67,B,2020-01-29 19:00:00,True,27.321748706551794
693,24,56142.52,B,2020-01-29 20:00:00,True,67.39071564950783
694,41,18527.48,B,2020-01-29 21:00:00,True,64.59652341522607
695,40,38684.33,B,2020-01-29 22:00:00,False,38.31360890934949
696,31,95746.99,B,2020-01-29 23:00:00,True,53.04853931879047
697,38,22022.82,C,2020-01-30 00:00:00,True,43.13550125993577
698,22,25877.46,A,2020-01-30 01:00:00,False,52.785328706281085
699,44,46955.42,B,2020-01-30 02:00:00,True,72.63696520106825
700,33,39727.18,B,2020-01-30 03:00:00,True,59.084093489469694
701,29,43274.34,C,2020-01-30 04:00:00,True,57.62912559850163
702,45,46378.61,B,2020-01-30 05:00:00,False,43.54536020068036
703,27,49879.27,B,2020-01-30 06:00:00,True,27.739150026134972
704,20,63249.97,A,2020-01-30 07:00:00,True,46.87297684189388
705,19,44574.15,B,2020-01-30 08:00:00,True,68.09912232295872
706,41,32188.71,A,2020-01-30 09:00:00,True,27.092482151155288
707,22,50832.28,A,2020-01-30 10:00:00,True,34.173659477349574
708,52,93895.8,A,2020-01-30 11:00:00,True,51.89401604351102
709,18,33985.29,B,2020-01-30 12:00:00,False,35.23017822729106
710,51,22308.77,A,2020-01-30 13:00:00,True,38.112148293271815
711,37,63167.19,A,2020-01-30 14:00:00,True,43.64602127407734
712,34,34194.14,C,2020-01-30 15:00:00,True,29.51573893714776
713,29,12254.71,A,2020-01-30 16:00:00,True,35.38817230675448
714,38,55476.28,B,2020-01-30 17:00:00,False,60.551418751809635
715,34,27787.34,B,2020-01-30 18:00:00,True,30.38945326653554
716,46,34708.27,A,2020-01-30 19:00:00,True,26.031917982577436
717,36,42872.68,C,2020-01-30 20:00:00,True,40.54962530699159
718,36,39944.64,A,2020-01-30 21:00:00,True,60.979332537647686
719,31,51778.27,B,2020-01-30 22:00:00,True,47.046172880046655
720,34,29209.72,B,2020-01-30 23:00:00,True,43.03128382826573
721,38,46936.59,B,2020-01-31 00:00:00,False,50.6653819627341
722,18,31895.71,B,2020-01-31 01:00:00,False,23.81438850710522
723,21,52543.95,A,2020-01-31 02:00:00,True,57.420584806625484
724,42,49398.92,A,2020-01-31 03:00:00,False,55.75152547105466
725,36,22749.1,C,2020-01-31 04:00:00,True,43.86037288856418
726,33,62504.33,B,2020-01-31 05:00:00,True,65.08886767694625
727,35,27778.52,C,2020-01-31 06:00:00,True,33.087558515704416
728,38,54395.08,C,2020-01-31 07:00:00,True,66.91863489880353
729,29,43636.26,C,2020-01-31 08:00:00,True,52.31740498392877
730,27,91043.42,B,2020-01-31 09:00:00,True,44.951711151827396
731,36,32476.34,A,2020-01-31 10:00:00,True,49.701895469475325
732,25,30495.72,C,2020-01-31 11:00:00,True,48.391028512835874
733,39,35964.59,B,2020-01-31 12:00:00,True,68.30424344626576
734,18,31207.39,A,2020-01-31 13:00:00,False,33.8498130879348
735,45,54174.79,C,2020-01-31 14:00:00,True,38.56221141280103
736,39,16185.07,C,2020-01-31 15:00:00,True,65.5445433810872
737,37,21443.11,B,2020-01-31 16:00:00,True,41.06697597224211
738,44,21292.25,A,2020-01-31 17:00:00,True,63.50799615997387
739,51,58404.83,A,2020-01-31 18:00:00,False,75.49153974513064
740,45,85417.53,C,2020-01-31 19:00:00,True,43.973074595875495
741,18,34467.61,D,2020-01-31 20:00:00,True,60.22043489862958
742,22,33375.89,A,2020-01-31 21:00:00,False,32.69461577990212
743,28,37610.03,A,2020-01-31 22:00:00,True,61.32099947101714
744,35,64921.83,C,2020-01-31 23:00:00,True,52.99135978980151
745,40,22841.25,A,2020-02-01 00:00:00,True,57.09557423240323
746,27,40912.24,B,2020-02-01 01:00:00,False,40.31641891946907
747,36,59136.22,D,2020-02-01 02:00:00,True,25.083748766492413
748,27,46655.55,A,2020-02-01 03:00:00,True,57.54878097124257
749,28,39926.31,B,2020-02-01 04:00:00,True,19.048952712808184
750,20,59905.47,A,2020-02-01 05:00:00,True,45.23974261636198
751,25,9399.24,A,2020-02-01 06:00:00,True,64.11772799629955
752,21,50967.2,C,2020-02-01 07:00:00,True,52.87846603809554
753,25,26185.53,B,2020-02-01 08:00:00,True,79.22513967184719
754,45,14540.36,D,2020-02-01 09:00:00,False,65.3766372887266
755,25,46891.95,B,2020-02-01 10:00:00,False,40.191524175116356
756,61,72173.58,A,2020-02-01 11:00:00,True,50.409700697771584
757,39,33903.57,A,2020-02-01 12:00:00,False,49.28943946183346
758,36,58479.84,A,2020-02-01 13:00:00,True,26.26734854980809
759,26,81319.34,A,2020-02-01 14:00:00,True,35.8940162527347
760,42,70084.52,A,2020-02-01 15:00:00,True,41.588586395302094
761,29,82452.88,A,2020-02-01 16:00:00,False,19.45669245716095
762,36,52631.17,B,2020-02-01 17:00:00,False,50.712402023774644
763,60,37711.37,C,2020-02-01 18:00:00,True,46.26392233020439
764,34,16301.58,B,2020-02-01 19:00:00,False,24.906591480326387
765,46,32111.48,C,2020-02-01 20:00:00,True,56.06319297915998
766,27,23822.28,A,2020-02-01 21:00:00,False,60.73809117036439
767,34,107524.22,A,2020-02-01 22:00:00,False,53.405517182973334
768,52,33258.22,B,2020-02-01 23:00:00,True,45.13897737186545
769,28,38622.97,B,2020-02-02 00:00:00,False,58.87163227627782
770,53,47845.99,A,2020-02-02 01:00:00,True,60.20330540715037
771,42,37115.92,C,2020-02-02 02:00:00,True,54.61105354579533
772,29,84755.47,C,2020-02-02 03:00:00,True,37.630816243478584
773,41,26600.23,B,2020-02-02 04:00:00,True,54.14901148266771
774,44,40026.77,A,2020-02-02 05:00:00,False,67.93220976238219
775,41,25053.4,C,2020-02-02 06:00:00,True,41.05056412082405
776,19,18769.5,B,2020-02-02 07:00:00,True,81.46909008698647
777,27,26745.34,C,2020-02-02 08:00:00,False,42.115535990219236
778,32,35649.19,C,2020-02-02 09:00:00,False,50.486105200102045
779,34,29300.18,C,2020-02-02 10:00:00,True,39.91271605990496
780,41,25688.26,B,2020-02-02 11:00:00,False,53.34906253880391
781,36,17976.87,A,2020-02-02 12:00:00,True,23.866674610470874
782,21,34837.41,B,2020-02-02 13:00:00,False,41.80937301774918
783,38,17113.79,B,2020-02-02 14:00:00,True,33.61818199477149
784,41,53105.09,C,2020-02-02 15:00:00,True,52.03007521838436
785,40,37843.7,A,2020-02-02 16:00:00,True,64.91671063263361
786,45,17522.21,A,2020-02-02 17:00:00,True,59.69009280671827
787,43,31113.45,C,2020-02-02 18:00:00,True,14.425109587116616
788,39,24932.36,C,2020-02-02 19:00:00,True,80.6310447939182
789,34,42599.05,D,2020-02-02 20:00:00,True,54.429199109313025
790,18,70985.1,C,2020-02-02 21:00:00,False,38.35251289260499
791,39,14220.13,B,2020-02-02 22:00:00,True,52.35691878486411
792,37,38465.35,B,2020-02-02 23:00:00,True,52.64284733754039
793,37,33521.21,C,2020-02-03 00:00:00,True,39.99726924572654
794,22,50800.93,B,2020-02-03 01:00:00,True,52.96875001013113
795,24,40400.54,B,2020-02-03 02:00:00,False,40.88791568569539
796,45,24934.69,A,2020-02-03 03:00:00,False,43.934570109649655
797,34,30960.67,B,2020-02-03 04:00:00,True,39.705812963673736
798,41,24391.43,C,2020-02-03 05:00:00,True,28.509930653905208
799,35,62193.36,A,2020-02-03 06:00:00,False,52.18754705323076
800,35,36704.54,A,2020-02-03 07:00:00,True,58.77949154774507
801,44,93957.27,A,2020-02-03 08:00:00,False,57.723253941145586
802,29,35230.58,A,2020-02-03 09:00:00,True,62.298878789528516
803,35,25483.76,A,2020-02-03 10:00:00,False,54.86510315022302
804,30,17037.0,B,2020-02-03 11:00:00,True,42.00911752674645
805,30,14741.62,D,2020-02-03 12:00:00,True,62.59495796646783
806,31,16447.55,B,2020-02-03 13:00:00,False,29.637236902370976
807,37,41504.76,A,2020-02-03 14:00:00,True,36.4899292623128
808,30,46833.9,A,2020-02-03 15:00:00,True,35.53699892865133
809,47,16471.79,B,2020-02-03 16:00:00,True,66.20084088708965
810,26,56812.93,A,2020-02-03 17:00:00,True,64.14182771210113
811,33,28523.1,C,2020-02-03 18:00:00,True,57.309578555674925
812,30,39081.19,B,2020-02-03 19:00:00,True,66.07894797817696
813,49,81316.99,C,2020-02-03 20:00:00,True,36.810758263820176
814,36,56864.11,A,2020-02-03 21:00:00,True,55.22892679791471
815,45,31752.75,B,2020-02-03 22:00:00,False,48.12238357425254
816,20,23257.99,A,2020-02-03 23:00:00,True,62.70323155827371
817,37,12383.15,D,2020-02-04 00:00:00,True,48.271636511717034
818,43,25347.19,B,2020-02-04 01:00:00,True,44.22585667384878
819,35,32677.27,A,2020-02-04 02:00:00,True,58.11362777841485
820,45,22168.11,A,2020-02-04 03:00:00,True,63.1425375078685
821,29,34008.7,A,2020-02-04 04:00:00,True,39.97482207729797
822,49,37738.12,B,2020-02-04 05:00:00,True,49.08386492971436
823,57,32453.77,A,2020-02-04 06:00:00,True,34.123390495375205
824,31,26238.91,B,2020-02-04 07:00:00,True,12.529084737605906
825,30,39510.72,A,2020-02-04 08:00:00,True,53.00689447120593
826,49,45295.83,B,2020-02-04 09:00:00,True,59.13358034381948
827,50,21053.04,C,2020-02-04 10:00:00,True,53.93100213630088
828,29,73531.28,C,2020-02-04 11:00:00,True,20.756574233684493
829,30,34568.77,C,2020-02-04 12:00:00,True,44.73725854885288
830,32,36659.39,A,2020-02-04 13:00:00,False,16.72478359923378
831,21,51746.25,A,2020-02-04 14:00:00,True,70.54551661481277
832,25,40806.97,B,2020-02-04 15:00:00,True,33.70918126822871
833,24,58487.5,A,2020-02-04 16:00:00,True,68.83105414189845
834,27,41921.83,B,2020-02-04 17:00:00,True,64.18804465526219
835,34,26736.4,A,2020-02-04 18:00:00,True,36.49114471195907
836,37,43510.25,A,2020-02-04 19:00:00,True,33.008225730983824
837,50,20499.11,A,2020-02-04 20:00:00,False,55.25555324579507
838,25,38341.18,C,2020-02-04 21:00:00,True,37.33513944225393
839,44,35717.11,A,2020-02-04 22:00:00,False,51.53726963237311
840,32,32726.54,B,2020-02-04 23:00:00,True,42.757586137896226
841,34,34054.97,A,2020-02-05 00:00:00,True,23.2826237830155
842,41,14172.74,B,2020-02-05 01:00:00,True,16.542979713133114
843,23,27601.84,A,2020-02-05 02:00:00,True,53.40026372741896
844,38,38041.1,C,2020-02-05 03:00:00,True,41.576633805040615
845,36,39337.29,C,2020-02-05 04:00:00,True,41.703652746288014
846,39,21723.77,A,2020-02-05 05:00:00,True,60.43795758640678
847,37,68381.25,D,2020-02-05 06:00:00,False,67.60163414948667
848,59,23550.74,D,2020-02-05 07:00:00,False,45.91182917957286
849,28,58966.73,C,2020-02-05 08:00:00,True,44.89101939635208
850,29,44963.09,C,2020-02-05 09:00:00,True,57.50214549670826
851,28,26288.49,A,2020-02-05 10:00:00,True,29.64596645450637
852,29,88225.86,B,2020-02-05 11:00:00,True,53.347295821215454
853,28,19993.88,A,2020-02-05 12:00:00,True,58.27828957733231
854,46,57502.12,A,2020-02-05 13:00:00,True,60.203453126264435
855,49,59891.58,D,2020-02-05 14:00:00,True,20.948709462463025
856,29,25969.81,A,2020-02-05 15:00:00,True,38.57967095286589
857,26,72855.45,C,2020-02-05 16:00:00,False,36.826051207648
858,39,32047.57,C,2020-02-05 17:00:00,True,51.498304316138196
859,29,41954.74,C,2020-02-05 18:00:00,False,57.211168696519756
860,41,41363.78,D,2020-02-05 19:00:00,True,72.45065611168972
861,37,33956.84,A,2020-02-05 20:00:00,True,42.575517794478905
862,19,54469.93,A,2020-02-05 21:00:00,True,42.53641252536179
863,50,54000.27,B,2020-02-05 22:00:00,True,67.24508028318121
864,52,15149.67,A,2020-02-05 23:00:00,True,54.44865407795458
865,28,69714.95,A,2020-02-06 00:00:00,True,69.01477266781961
866,31,15815.63,A,2020-02-06 01:00:00,True,54.33092004514754
867,37,60856.45,C,2020-02-06 02:00:00,True,32.64325071930094
868,38,63790.05,B,2020-02-06 03:00:00,True,30.0030746783329
869,41,21047.07,A,2020-02-06 04:00:00,True,26.727316264116066
870,55,29572.28,B,2020-02-06 05:00:00,True,59.930777521377095
871,33,20892.54,A,2020-02-06 06:00:00,True,67.82895234630513
872,27,32615.39,A,2020-02-06 07:00:00,True,77.74043212079572
873,21,31131.73,C,2020-02-06 08:00:00,True,62.6465799848486
874,27,53628.2,B,2020-02-06 09:00:00,False,67.44257866302479
875,34,69923.31,C,2020-02-06 10:00:00,True,41.29975501019473
876,52,72972.79,A,2020-02-06 11:00:00,False,32.65376274884215
877,29,27416.93,C,2020-02-06 12:00:00,True,62.7511899862633
878,37,32708.46,B,2020-02-06 13:00:00,True,56.26521128359101
879,34,15650.86,B,2020-02-06 14:00:00,True,51.61166561511339
880,46,24271.67,B,2020-02-06 15:00:00,True,55.81057220949485
881,60,58831.09,C,2020-02-06 16:00:00,True,54.84778223687309
882,29,81453.81,B,2020-02-06 17:00:00,False,69.25725289780343
883,30,19591.0,B,2020-02-06 18:00:00,True,69.42478377225433
884,45,27004.75,D,2020-02-06 19:00:00,True,58.16330528510521
885,41,35839.18,C,2020-02-06 20:00:00,True,62.68704308844392
886,53,41776.14,B,2020-02-06 21:00:00,False,57.710938286371636
887,40,24226.4,C,2020-02-06 22:00:00,True,43.082454019480714
888,31,44892.7,A,2020-02-06 23:00:00,True,61.3484701236971
889,40,28654.92,A,2020-02-07 00:00:00,True,29.082573967111074
890,46,36054.03,B,2020-02-07 01:00:00,False,65.80837328443825
891,43,47721.73,D,2020-02-07 02:00:00,False,32.082155903509474
892,40,36432.3,D,2020-02-07 03:00:00,True,54.287049301920995
893,45,29196.59,A,2020-02-07 04:00:00,False,37.32269062360761
894,46,34378.79,B,2020-02-07 05:00:00,False,58.3008347461164
895,48,34745.96,A,2020-02-07 06:00:00,True,49.49112161108137
896,41,30181.8,D,2020-02-07 07:00:00,True,26.078660627550015
897,33,31907.68,D,2020-02-07 08:00:00,True,56.31049446527718
898,36,80766.99,B,2020-02-07 09:00:00,False,41.33118834750934
899,47,48072.22,C,2020-02-07 10:00:00,True,63.21720081220054
900,26,31327.76,C,2020-02-07 11:00:00,False,50.019885331016106
901,38,51455.73,B,2020-02-07 12:00:00,True,55.93131478082057
902,31,30732.94,A,2020-02-07 13:00:00,False,35.63646567477182
903,35,65287.92,B,2020-02-07 14:00:00,True,41.16001652858957
904,47,43687.67,B,2020-02-07 15:00:00,True,43.120420458483736
905,36,34418.48,B,2020-02-07 16:00:00,False,62.85053720363834
906,35,45426.84,A,2020-02-07 17:00:00,False,75.16065631708234
907,21,16556.96,D,2020-02-07 18:00:00,False,37.92242372385685
908,42,20673.67,A,2020-02-07 19:00:00,True,66.1527221698652
909,41,19991.0,B,2020-02-07 20:00:00,True,17.454838734114468
910,56,39006.03,B,2020-02-07 21:00:00,True,32.08715898361566
911,31,86358.07,B,2020-02-07 22:00:00,True,35.618323157198375
912,37,110818.62,B,2020-02-07 23:00:00,True,29.712369658389164
913,37,49962.38,A,2020-02-08 00:00:00,True,26.2461741531863
914,50,46649.72,A,2020-02-08 01:00:00,True,56.19498368206696
915,34,14756.98,B,2020-02-08 02:00:00,False,46.788984534082076
916,37,27685.47,B,2020-02-08 03:00:00,True,55.69108096407665
917,41,24492.15,A,2020-02-08 04:00:00,True,60.35709029182269
918,36,26624.21,C,2020-02-08 05:00:00,True,53.984254897588
919,30,33387.21,B,2020-02-08 06:00:00,True,59.86644764225561
920,36,28679.98,B,2020-02-08 07:00:00,True,48.95701570636596
921,45,13498.72,C,2020-02-08 08:00:00,False,32.19509917541383
922,24,52783.56,A,2020-02-08 09:00:00,False,65.86721271231194
923,36,21239.72,A,2020-02-08 10:00:00,False,41.1633180082831
924,27,40930.2,C,2020-02-08 11:00:00,False,35.966055518563614
925,46,102440.9,B,2020-02-08 12:00:00,True,47.331231862934025
926,19,22932.44,B,2020-02-08 13:00:00,True,36.3078362105523
927,29,10248.19,C,2020-02-08 14:00:00,True,43.73854427015851
928,38,31476.54,C,2020-02-08 15:00:00,True,55.160808823452
929,50,62974.16,D,2020-02-08 16:00:00,True,55.2251260886919
930,34,96681.15,B,2020-02-08 17:00:00,True,36.53254900361556
931,29,19638.07,B,2020-02-08 18:00:00,True,42.68441940576883
932,53,46553.13,B,2020-02-08 19:00:00,True,66.11499507155366
933,20,28777.38,A,2020-02-08 20:00:00,True,57.44600176600912
934,18,34441.79,B,2020-02-08 21:00:00,True,81.12597559022812
935,39,136239.78,A,2020-02-08 22:00:00,True,67.7019226061229
936,29,17128.77,D,2020-02-08 23:00:00,True,67.16439602839908
937,24,41227.87,B,2020-02-09 00:00:00,True,29.181971743162972
938,42,45882.85,B,2020-02-09 01:00:00,False,61.45790527450134
939,37,62498.21,A,2020-02-09 02:00:00,True,49.20339797454634
940,29,38138.96,A,2020-02-09 03:00:00,True,41.73527294692626
941,22,42362.77,A,2020-02-09 04:00:00,False,52.52023010798793
942,43,29857.03,B,2020-02-09 05:00:00,True,64.17817301917225
943,41,41546.29,A,2020-02-09 06:00:00,True,57.51247386506317
944,34,30589.25,B,2020-02-09 07:00:00,True,36.8228929798691
945,53,49552.4,C,2020-02-09 08:00:00,True,61.1368837038893
946,24,30187.85,C,2020-02-09 09:00:00,False,40.436186868860545
947,19,43850.89,B,2020-02-09 10:00:00,False,53.250246784464295
948,28,35788.02,A,2020-02-09 11:00:00,True,45.44974898784299
949,34,63769.17,C,2020-02-09 12:00:00,True,46.71700622396561
950,37,35394.2,C,2020-02-09 13:00:00,True,61.493644625607644
951,32,14965.21,A,2020-02-09 14:00:00,True,34.39709420276153
952,38,68251.91,C,2020-02-09 15:00:00,True,79.17792611415399
953,22,23089.51,A,2020-02-09 16:00:00,True,22.683708960582553
954,49,26189.58,C,2020-02-09 17:00:00,True,41.03498475117714
955,34,26961.61,D,2020-02-09 18:00:00,True,55.553178349126114
956,46,72201.71,A,2020-02-09 19:00:00,True,58.76471249652965
957,38,12483.5,C,2020-02-09 20:00:00,True,48.492864191424424
958,39,174359.45,B,2020-02-09 21:00:00,True,49.13913945497686
959,40,61576.06,D,2020-02-09 22:00:00,False,56.158251279914246
960,39,40603.9,B,2020-02-09 23:00:00,True,46.533957838134796
961,41,35332.31,C,2020-02-10 00:00:00,True,70.89771886902359
962,48,41888.94,A,2020-02-10 01:00:00,False,62.590236713474035
963,36,47125.11,A,2020-02-10 02:00:00,True,63.09236526508452
964,42,50141.68,A,2020-02-10 03:00:00,True,35.50764914944374
965,34,47944.64,D,2020-02-10 04:00:00,True,48.809173633914455
966,49,37979.06,C,2020-02-10 05:00:00,True,45.493010769189446
967,28,32903.38,C,2020-02-10 06:00:00,True,34.915979364658014
968,53,33670.03,D,2020-02-10 07:00:00,True,55.402462759186506
969,34,32943.39,A,2020-02-10 08:00:00,True,41.935313633302755
970,20,64015.79,A,2020-02-10 09:00:00,False,59.83105744775356
971,36,48863.13,A,2020-02-10 10:00:00,True,33.947126556585026
972,28,8348.24,A,2020-02-10 11:00:00,True,75.78560919262732
973,43,50410.28,A,2020-02-10 12:00:00,False,36.555010121119075
974,28,40029.35,B,2020-02-10 13:00:00,True,53.28953505800654
975,30,35977.38,A,2020-02-10 14:00:00,False,61.877889655821015
976,18,29903.8,A,2020-02-10 15:00:00,True,41.44039354699831
977,30,63707.42,A,2020-02-10 16:00:00,False,62.78702965149426
978,18,58323.67,A,2020-02-10 17:00:00,True,31.562246032993755
979,19,24675.38,D,2020-02-10 18:00:00,False,71.7817654877384
980,42,44512.54,C,2020-02-10 19:00:00,False,50.212238974486375
981,42,22340.84,D,2020-02-10 20:00:00,True,41.05382888046681
982,39,18218.46,B,2020-02-10 21:00:00,True,45.51227341358848
983,25,26546.19,A,2020-02-10 22:00:00,True,62.13378904089079
984,34,55893.13,C,2020-02-10 23:00:00,True,41.23317062224343
985,34,58487.16,A,2020-02-11 00:00:00,True,38.759634658658335
986,23,46936.12,A,2020-02-11 01:00:00,True,46.67695103624393
987,50,52184.87,A,2020-02-11 02:00:00,True,32.34556830845048
988,43,47008.76,A,2020-02-11 03:00:00,True,77.30815861912723
989,32,26350.94,A,2020-02-11 04:00:00,True,41.50408113177915
990,35,45069.51,A,2020-02-11 05:00:00,True,62.474251792706056
991,37,54187.46,B,2020-02-11 06:00:00,True,53.14205125471659
992,18,52952.24,A,2020-02-11 07:00:00,True,35.23198924277048
993,32,65805.37,A,2020-02-11 08:00:00,True,49.91067936180906
994,28,51748.56,C,2020-02-11 09:00:00,True,61.76004168966122
995,24,43292.04,A,2020-02-11 10:00:00,True,47.1760799737054
996,32,62011.5,A,2020-02-11 11:00:00,True,67.89669418776542
997,52,35837.12,C,2020-02-11 12:00:00,True,65.32273089172796
998,41,23366.59,A,2020-02-11 13:00:00,False,63.78372281987494
999,29,33472.07,A,2020-02-11 14:00:00,True,43.10514841590505
1000,40,25022.95,B,2020-02-11 15:00:00,True,33.8023632832777
