user_id,age,income,category,signup_date,is_active,score,new_feature
1,28,38204.31,B,2023-01-01 00:00:00,False,37.13834413975049,Z
2,53,84166.89,B,2023-01-01 01:00:00,False,38.536791198408324,X
3,45,92123.96,D,2023-01-01 02:00:00,True,52.90839492761491,Z
4,23,32871.84,D,2023-01-01 03:00:00,False,58.185501568295976,X
5,35,79613.5,B,2023-01-01 04:00:00,False,65.34749394708426,Y
6,61,19514.25,B,2023-01-01 05:00:00,False,55.29175736863643,X
7,18,53018.95,D,2023-01-01 06:00:00,False,55.048357537112985,Z
8,36,30316.61,E,2023-01-01 07:00:00,False,59.48896746685054,X
9,57,36878.37,C,2023-01-01 08:00:00,False,39.26819721094499,Y
10,31,27843.47,B,2023-01-01 09:00:00,False,17.243933131525083,Y
11,33,83464.43,D,2023-01-01 10:00:00,False,38.76880670252645,Z
12,40,83476.85,B,2023-01-01 11:00:00,True,46.240695514558034,Z
13,59,39548.37,E,2023-01-01 12:00:00,True,40.268255417622285,Y
14,34,75007.95,B,2023-01-01 13:00:00,True,34.51547642023551,Y
15,36,70035.92,E,2023-01-01 14:00:00,False,74.126662093318,Y
16,36,55432.92,B,2023-01-01 15:00:00,True,40.04127758799279,X
17,68,218578.85,D,2023-01-01 16:00:00,False,48.38645845666888,X
18,68,36151.47,B,2023-01-01 17:00:00,True,65.35490670672746,Y
19,54,60390.26,C,2023-01-01 18:00:00,True,62.90831513080703,X
20,46,47599.04,C,2023-01-01 19:00:00,False,41.89326073847895,X
21,50,47902.93,B,2023-01-01 20:00:00,True,39.00646673913699,X
22,59,65883.76,D,2023-01-01 21:00:00,False,53.79209734719344,X
23,30,50179.54,E,2023-01-01 22:00:00,False,42.52887003318526,X
24,56,35729.93,D,2023-01-01 23:00:00,True,52.643766422660605,X
25,26,64507.48,E,2023-01-02 00:00:00,True,39.490306748870196,X
26,34,121710.31,D,2023-01-02 01:00:00,True,62.48447152000949,X
27,52,105414.96,A,2023-01-02 02:00:00,True,29.56370051665385,Y
28,24,67631.34,D,2023-01-02 03:00:00,True,51.15666077423007,X
29,40,38513.42,A,2023-01-02 04:00:00,True,60.24575111727754,Y
30,31,66960.47,A,2023-01-02 05:00:00,False,60.27076237248839,X
31,38,114781.52,E,2023-01-02 06:00:00,True,98.52098064696146,Z
32,18,122358.87,C,2023-01-02 07:00:00,True,50.87150705534113,Y
33,20,74295.99,A,2023-01-02 08:00:00,False,57.59463482681254,Z
34,33,48116.75,C,2023-01-02 09:00:00,False,53.3247946517365,X
35,53,53015.96,B,2023-01-02 10:00:00,False,89.29362800252292,Z
36,39,95151.68,A,2023-01-02 11:00:00,False,73.13236970991997,X
37,42,90382.66,D,2023-01-02 12:00:00,False,89.76639423254926,Y
38,50,20855.65,A,2023-01-02 13:00:00,False,44.642584174108194,X
39,31,88891.39,E,2023-01-02 14:00:00,True,57.97701288951972,X
40,45,91745.43,D,2023-01-02 15:00:00,False,55.92232038690274,Y
41,32,35160.73,D,2023-01-02 16:00:00,False,34.2718487667311,Z
42,21,37835.81,B,2023-01-02 17:00:00,True,61.190432349152935,X
43,37,38013.69,D,2023-01-02 18:00:00,True,37.2087522459934,Y
44,48,39808.76,A,2023-01-02 19:00:00,True,73.97085509320863,Z
45,46,25589.83,C,2023-01-02 20:00:00,False,51.236305177903944,Y
46,41,72247.66,B,2023-01-02 21:00:00,False,27.62617213029028,Y
47,70,37367.94,E,2023-01-02 22:00:00,False,44.924729638327236,Y
48,46,57398.28,D,2023-01-02 23:00:00,True,55.84619810874375,Y
49,53,44420.61,C,2023-01-03 00:00:00,False,86.4301662101673,Z
50,68,69780.27,C,2023-01-03 01:00:00,True,70.6159699570272,X
51,26,32650.97,A,2023-01-03 02:00:00,False,56.66777957924539,Z
52,29,69366.49,B,2023-01-03 03:00:00,False,70.7703541933677,Y
53,62,75649.69,D,2023-01-03 04:00:00,False,58.09255479150336,X
54,32,98376.45,A,2023-01-03 05:00:00,False,38.982662459064045,Z
55,42,194981.79,D,2023-01-03 06:00:00,True,62.43460005935241,X
56,54,17064.22,E,2023-01-03 07:00:00,True,70.48562040904925,X
57,52,72561.42,A,2023-01-03 08:00:00,False,100.0,Y
58,63,39124.43,C,2023-01-03 09:00:00,True,60.337929012795875,X
59,59,18863.14,C,2023-01-03 10:00:00,False,46.32682947629813,Z
60,54,99208.44,E,2023-01-03 11:00:00,True,71.75415729749338,X
61,32,133161.76,A,2023-01-03 12:00:00,False,67.41723992712517,X
62,51,47335.86,B,2023-01-03 13:00:00,True,83.46279281296236,X
63,45,67951.52,E,2023-01-03 14:00:00,False,68.50660831129532,Z
64,26,57615.91,C,2023-01-03 15:00:00,True,24.22957995631298,X
65,59,77692.86,A,2023-01-03 16:00:00,False,53.90515007227948,Y
66,51,101551.51,E,2023-01-03 17:00:00,False,78.1943399259174,X
67,42,73641.38,E,2023-01-03 18:00:00,True,85.77625165233543,X
68,39,73678.18,D,2023-01-03 19:00:00,True,40.03598955235473,Y
69,27,127496.21,E,2023-01-03 20:00:00,True,51.111564959182196,Y
70,44,54241.56,E,2023-01-03 21:00:00,True,66.79303600903282,Y
71,47,104176.18,A,2023-01-03 22:00:00,True,47.63961313773894,Z
72,32,36563.28,B,2023-01-03 23:00:00,False,50.369147994316904,X
73,55,157039.24,C,2023-01-04 00:00:00,True,71.38303517988489,Z
74,28,93217.92,D,2023-01-04 01:00:00,True,73.25435716168242,X
75,18,46992.55,C,2023-01-04 02:00:00,False,75.55814385076415,X
76,54,16835.94,C,2023-01-04 03:00:00,True,64.08602004736062,Y
77,37,59862.98,A,2023-01-04 04:00:00,False,36.83193268013851,Y
78,40,29463.7,B,2023-01-04 05:00:00,False,52.53092956697418,X
79,31,71666.65,A,2023-01-04 06:00:00,True,37.26487609250646,X
80,22,143014.5,D,2023-01-04 07:00:00,True,45.85539648202445,Y
81,57,65909.37,A,2023-01-04 08:00:00,True,65.35405576410746,X
82,33,53808.81,B,2023-01-04 09:00:00,True,57.98593157508958,X
83,61,73520.77,C,2023-01-04 10:00:00,True,94.7806876522398,X
84,51,71067.83,D,2023-01-04 11:00:00,False,59.74432649668029,Z
85,38,14505.48,D,2023-01-04 12:00:00,False,62.363300147207795,Y
86,28,69186.57,D,2023-01-04 13:00:00,False,54.5034772537477,X
87,33,86869.86,C,2023-01-04 14:00:00,True,68.88307994028595,X
88,27,51246.11,C,2023-01-04 15:00:00,True,84.99373842687339,X
89,67,107703.29,E,2023-01-04 16:00:00,True,58.05469496684937,X
90,43,55458.78,E,2023-01-04 17:00:00,False,82.43440201252201,Y
91,55,94863.97,A,2023-01-04 18:00:00,True,53.23185050011265,X
92,26,234184.15,B,2023-01-04 19:00:00,True,74.3822661842464,X
93,44,56509.57,E,2023-01-04 20:00:00,True,53.583832004821936,X
94,56,18670.89,C,2023-01-04 21:00:00,False,53.1440965580163,Y
95,37,48925.06,A,2023-01-04 22:00:00,True,18.598787713965862,Y
96,54,21257.52,A,2023-01-04 23:00:00,False,22.58400314918908,Y
97,28,86399.98,A,2023-01-05 00:00:00,True,52.81923868468165,Y
98,25,131348.66,D,2023-01-05 01:00:00,False,68.5628104855276,X
99,46,90901.14,B,2023-01-05 02:00:00,True,54.22949340715813,X
100,37,72561.15,B,2023-01-05 03:00:00,False,39.81161774293877,X
101,49,40661.82,A,2023-01-05 04:00:00,False,37.72490179057883,Z
102,18,154105.06,C,2023-01-05 05:00:00,False,68.55064798598418,X
103,50,94086.11,C,2023-01-05 06:00:00,False,36.6034399125994,X
104,73,71017.51,B,2023-01-05 07:00:00,False,70.03740942610513,Z
105,41,67705.06,D,2023-01-05 08:00:00,False,67.5361295403283,Z
106,42,64021.64,D,2023-01-05 09:00:00,False,81.95947455759473,X
107,44,78537.37,E,2023-01-05 10:00:00,True,99.30330612844119,Z
108,19,41440.08,C,2023-01-05 11:00:00,False,50.47961623131622,Y
109,47,149514.69,B,2023-01-05 12:00:00,True,52.942689109134236,X
110,22,65604.78,B,2023-01-05 13:00:00,True,81.01894455444699,X
111,36,85822.17,D,2023-01-05 14:00:00,False,54.17633172829733,Z
112,56,46159.57,E,2023-01-05 15:00:00,False,26.88640638627357,X
113,33,74978.08,C,2023-01-05 16:00:00,True,41.17925196040249,X
114,48,15228.87,C,2023-01-05 17:00:00,False,61.97001825012216,X
115,54,30608.12,D,2023-01-05 18:00:00,True,33.16748419267253,Y
116,45,58756.21,B,2023-01-05 19:00:00,True,91.33685127258687,X
117,25,27079.06,B,2023-01-05 20:00:00,True,78.41657701581826,Z
118,38,258757.97,B,2023-01-05 21:00:00,True,38.24826340541733,X
119,65,22007.78,C,2023-01-05 22:00:00,False,39.67636109609521,Z
120,18,73683.96,C,2023-01-05 23:00:00,False,57.45851604424355,X
121,38,161694.48,C,2023-01-06 00:00:00,True,47.36342037830697,X
122,35,79919.27,A,2023-01-06 01:00:00,True,53.151021262556455,Y
123,43,49705.13,E,2023-01-06 02:00:00,True,67.25154723350423,Z
124,50,42989.6,B,2023-01-06 03:00:00,True,51.482497634632104,Z
125,61,89675.54,C,2023-01-06 04:00:00,True,80.69106947090928,X
126,38,37043.11,D,2023-01-06 05:00:00,True,70.60318549265176,X
127,51,55731.92,A,2023-01-06 06:00:00,False,73.39820293856775,Y
128,47,90646.19,C,2023-01-06 07:00:00,True,34.23684177606784,X
129,47,49775.22,A,2023-01-06 08:00:00,True,29.213178856599946,Z
130,35,63101.89,A,2023-01-06 09:00:00,False,54.66618672019367,X
131,30,49888.62,B,2023-01-06 10:00:00,False,87.23540046476933,X
132,28,33460.52,D,2023-01-06 11:00:00,True,76.88369598803791,X
133,32,122209.28,E,2023-01-06 12:00:00,False,68.40708743898809,Y
134,45,138114.7,B,2023-01-06 13:00:00,True,77.43753759704947,X
135,51,49512.48,A,2023-01-06 14:00:00,False,35.04444283784581,Y
136,45,51054.77,B,2023-01-06 15:00:00,True,29.069693893316288,Y
137,35,53812.46,E,2023-01-06 16:00:00,False,78.40605122582339,X
138,63,82725.4,A,2023-01-06 17:00:00,False,44.06639215803962,X
139,60,34780.77,D,2023-01-06 18:00:00,True,40.572081796541696,X
140,37,56776.9,D,2023-01-06 19:00:00,True,65.95831028475197,X
141,32,70106.83,C,2023-01-06 20:00:00,False,50.54293677525322,Y
142,43,88011.72,E,2023-01-06 21:00:00,False,52.80583940000499,X
143,57,11288.02,C,2023-01-06 22:00:00,False,61.15088663303074,Y
144,45,76270.53,E,2023-01-06 23:00:00,True,58.145172557101056,X
145,48,73681.58,E,2023-01-07 00:00:00,False,25.71972924132038,Y
146,39,109604.85,D,2023-01-07 01:00:00,True,46.55902747874204,X
147,47,43662.36,E,2023-01-07 02:00:00,True,68.04023342797149,Z
148,60,43870.09,C,2023-01-07 03:00:00,False,42.64107868389903,Z
149,39,123193.3,B,2023-01-07 04:00:00,True,49.205203657117764,X
150,43,23437.81,A,2023-01-07 05:00:00,True,49.7738087182619,X
151,45,159126.41,D,2023-01-07 06:00:00,False,9.068071925246976,Y
152,45,277489.03,C,2023-01-07 07:00:00,True,56.82878757265869,X
153,25,79735.57,B,2023-01-07 08:00:00,True,44.00154366647084,Y
154,19,97583.05,E,2023-01-07 09:00:00,True,65.54356190139674,Y
155,29,24495.65,E,2023-01-07 10:00:00,False,59.67253901758897,X
156,44,39468.74,B,2023-01-07 11:00:00,False,40.694139507439566,X
157,48,112951.92,E,2023-01-07 12:00:00,False,63.40915359381358,Y
158,35,74390.92,B,2023-01-07 13:00:00,True,46.26135549567125,X
159,58,53698.67,B,2023-01-07 14:00:00,False,42.626091033957344,X
160,40,68852.48,C,2023-01-07 15:00:00,True,28.69493611976197,Y
161,42,81160.66,A,2023-01-07 16:00:00,True,62.8978369452716,X
162,39,50218.69,A,2023-01-07 17:00:00,False,52.27386033766827,Z
163,43,58843.25,E,2023-01-07 18:00:00,False,45.72182736136275,Z
164,50,58583.92,E,2023-01-07 19:00:00,True,26.81643668130998,Y
165,49,31844.9,B,2023-01-07 20:00:00,True,74.78917878116104,Z
166,31,72704.37,D,2023-01-07 21:00:00,False,49.91655937114505,Z
167,60,176689.91,E,2023-01-07 22:00:00,True,61.12875047998341,Y
168,28,169257.63,E,2023-01-07 23:00:00,False,60.49812046988402,Z
169,42,24690.17,B,2023-01-08 00:00:00,False,30.287716782752074,Y
170,38,84320.37,E,2023-01-08 01:00:00,True,67.3743070899533,X
171,29,89796.59,C,2023-01-08 02:00:00,False,50.411317394129995,Y
172,41,46802.59,C,2023-01-08 03:00:00,False,51.354312491652365,X
173,33,33573.08,B,2023-01-08 04:00:00,True,20.06683456262902,X
174,42,27106.03,B,2023-01-08 05:00:00,False,77.08099372134203,X
175,46,45852.17,B,2023-01-08 06:00:00,True,56.85220683737704,X
176,59,73865.82,D,2023-01-08 07:00:00,False,51.115034573070254,X
177,45,54456.91,C,2023-01-08 08:00:00,True,42.49655547284843,Y
178,34,41499.64,E,2023-01-08 09:00:00,False,53.94832590787464,Z
179,37,28296.86,C,2023-01-08 10:00:00,False,66.49042705758795,X
180,43,73897.17,B,2023-01-08 11:00:00,True,53.52323878240236,Y
181,43,113541.7,E,2023-01-08 12:00:00,False,63.48749538608497,X
182,59,34332.47,D,2023-01-08 13:00:00,False,35.30771665754977,X
183,58,78359.1,C,2023-01-08 14:00:00,True,22.018169899212467,X
184,37,19386.16,D,2023-01-08 15:00:00,True,40.968653548643736,X
185,35,40357.01,B,2023-01-08 16:00:00,False,48.52949609167194,X
186,18,92759.23,E,2023-01-08 17:00:00,False,36.30438337942141,X
187,35,30617.89,B,2023-01-08 18:00:00,False,53.69457512973209,X
188,30,41661.72,A,2023-01-08 19:00:00,True,50.16242249395581,Z
189,37,140193.67,D,2023-01-08 20:00:00,True,21.060098862525322,X
190,46,38572.45,A,2023-01-08 21:00:00,True,68.30074366526986,Y
191,44,35869.16,C,2023-01-08 22:00:00,True,50.9196867456805,X
192,41,84584.73,B,2023-01-08 23:00:00,True,34.2260391094092,Y
193,44,193462.73,D,2023-01-09 00:00:00,True,27.647285888370998,Z
194,40,51854.55,A,2023-01-09 01:00:00,False,96.02465537653714,X
195,44,94962.9,C,2023-01-09 02:00:00,True,46.14991977374051,X
196,18,134250.34,A,2023-01-09 03:00:00,False,16.639485092519593,X
197,38,72789.81,C,2023-01-09 04:00:00,False,28.767690255014358,X
198,40,50921.95,E,2023-01-09 05:00:00,False,56.437524970859194,Y
199,37,35390.69,C,2023-01-09 06:00:00,True,41.68397252437116,X
200,39,25460.24,D,2023-01-09 07:00:00,False,50.5554484747012,Y
201,50,116660.24,A,2023-01-09 08:00:00,False,54.19942326737524,X
202,34,66740.97,D,2023-01-09 09:00:00,True,54.39000201989618,X
203,68,133209.79,A,2023-01-09 10:00:00,True,54.29397505731993,X
204,50,108375.27,D,2023-01-09 11:00:00,True,51.79447439452192,Y
205,41,41349.59,D,2023-01-09 12:00:00,True,84.05543130649316,Y
206,39,29374.08,B,2023-01-09 13:00:00,False,48.549438560543805,X
207,40,76695.76,C,2023-01-09 14:00:00,False,74.9167207196257,X
208,31,40965.92,A,2023-01-09 15:00:00,False,58.72904889417479,Y
209,40,75057.78,C,2023-01-09 16:00:00,False,72.17810615398514,X
210,45,38611.63,E,2023-01-09 17:00:00,True,65.06006455310822,Y
211,48,35712.81,C,2023-01-09 18:00:00,True,75.4841762115336,X
212,48,55017.44,B,2023-01-09 19:00:00,True,100.0,X
213,38,104868.28,B,2023-01-09 20:00:00,True,53.511284477314724,Y
214,25,71964.19,B,2023-01-09 21:00:00,False,63.00318408354863,Y
215,33,121421.72,B,2023-01-09 22:00:00,False,89.13527032312626,X
216,61,28562.87,C,2023-01-09 23:00:00,False,59.276450096356676,Y
217,52,31753.36,E,2023-01-10 00:00:00,False,7.418350654310544,Y
218,46,56755.16,B,2023-01-10 01:00:00,False,46.91816317582595,Z
219,32,219568.78,E,2023-01-10 02:00:00,True,48.539670987661026,Y
220,42,89731.01,A,2023-01-10 03:00:00,False,57.397492192387695,Z
221,26,31572.2,C,2023-01-10 04:00:00,True,43.403646768016614,Y
222,35,57200.37,C,2023-01-10 05:00:00,False,96.71265578525818,X
223,39,68352.19,C,2023-01-10 06:00:00,False,94.30696795471039,Z
224,37,42565.04,C,2023-01-10 07:00:00,False,25.67851441117674,X
225,53,86505.65,D,2023-01-10 08:00:00,True,38.35304193726586,Y
226,24,54509.61,A,2023-01-10 09:00:00,True,74.04558651729839,Y
227,31,50031.17,A,2023-01-10 10:00:00,False,40.34196577642393,Z
228,25,127536.01,A,2023-01-10 11:00:00,True,47.59194588449911,X
229,27,21465.53,C,2023-01-10 12:00:00,True,40.812167987935766,Y
230,43,33621.36,B,2023-01-10 13:00:00,False,80.35385607431333,X
231,22,36666.35,D,2023-01-10 14:00:00,False,53.703227653047755,X
232,51,36004.22,A,2023-01-10 15:00:00,True,77.59452651263537,X
233,39,38667.25,E,2023-01-10 16:00:00,False,44.58706618877882,X
234,42,80264.73,E,2023-01-10 17:00:00,False,69.35482448616351,X
235,45,115603.29,D,2023-01-10 18:00:00,False,50.25363262117824,Y
236,36,103738.1,E,2023-01-10 19:00:00,True,58.464886338916976,X
237,54,32476.2,B,2023-01-10 20:00:00,False,47.28057326155928,Y
238,39,56136.94,A,2023-01-10 21:00:00,False,50.32613688099566,X
239,49,78539.67,A,2023-01-10 22:00:00,True,53.35690509035798,Y
240,39,69147.82,C,2023-01-10 23:00:00,False,59.503563251926444,Y
241,45,131064.97,D,2023-01-11 00:00:00,True,69.10392567933003,Z
242,45,39926.66,C,2023-01-11 01:00:00,False,37.85763028274983,X
243,44,65761.62,A,2023-01-11 02:00:00,True,31.2102084590064,Z
244,30,47290.35,D,2023-01-11 03:00:00,False,77.70035659896018,Y
245,47,69608.71,D,2023-01-11 04:00:00,False,91.72570045819933,X
246,38,31340.36,A,2023-01-11 05:00:00,True,72.31312729887058,X
247,49,34290.97,C,2023-01-11 06:00:00,False,78.55638869341956,Z
248,18,38635.76,B,2023-01-11 07:00:00,False,48.308692644038096,Y
249,24,42693.35,A,2023-01-11 08:00:00,True,66.08755744384547,Y
250,46,151562.59,A,2023-01-11 09:00:00,False,62.809599008597125,Z
251,64,121205.31,E,2023-01-11 10:00:00,False,58.14727902949208,X
252,52,52702.08,C,2023-01-11 11:00:00,False,39.70889912869151,X
253,33,66420.43,B,2023-01-11 12:00:00,True,25.84907314561563,Y
254,21,23002.04,C,2023-01-11 13:00:00,False,77.38179569124887,Y
255,50,53767.51,E,2023-01-11 14:00:00,True,69.06373890835206,Z
256,41,65891.77,A,2023-01-11 15:00:00,True,43.14234049319961,X
257,49,119063.3,E,2023-01-11 16:00:00,False,61.35735331364539,X
258,43,72844.54,A,2023-01-11 17:00:00,False,46.78652690000384,Y
259,42,77631.93,B,2023-01-11 18:00:00,True,71.74741322010051,Y
260,77,71586.21,A,2023-01-11 19:00:00,False,64.54468765670103,Y
261,41,70361.44,C,2023-01-11 20:00:00,True,82.90375618831638,Y
262,40,25898.61,B,2023-01-11 21:00:00,True,57.34462075663724,X
263,40,46627.48,E,2023-01-11 22:00:00,False,53.53419290517141,X
264,34,141624.16,A,2023-01-11 23:00:00,False,55.765591675329844,Z
265,53,98158.41,B,2023-01-12 00:00:00,True,100.0,Y
266,37,80542.53,C,2023-01-12 01:00:00,True,67.41108989222097,X
267,49,62319.47,B,2023-01-12 02:00:00,True,57.02427715975359,Y
268,45,88935.34,C,2023-01-12 03:00:00,True,71.29616530435499,X
269,56,33964.34,B,2023-01-12 04:00:00,False,50.79959788016387,Y
270,47,23201.32,A,2023-01-12 05:00:00,True,61.44859093013959,Z
271,27,47607.62,C,2023-01-12 06:00:00,False,73.31609761064045,Z
272,26,82681.72,E,2023-01-12 07:00:00,False,8.474599782943848,X
273,58,63875.93,C,2023-01-12 08:00:00,False,31.224192352425675,Y
274,34,110015.35,A,2023-01-12 09:00:00,False,32.626811380881165,Z
275,26,73929.73,C,2023-01-12 10:00:00,False,48.928790772602106,Z
276,33,61506.94,A,2023-01-12 11:00:00,False,48.71761482239148,X
277,57,132785.59,E,2023-01-12 12:00:00,True,63.217270595066225,X
278,24,118116.35,B,2023-01-12 13:00:00,False,67.09779586557435,Y
279,31,56451.96,E,2023-01-12 14:00:00,False,81.53950763997051,Z
280,33,30889.45,C,2023-01-12 15:00:00,True,49.28874907183782,Y
281,26,34737.78,E,2023-01-12 16:00:00,False,47.94281700515537,X
282,27,54346.16,E,2023-01-12 17:00:00,True,46.49193946931951,X
283,23,48045.95,A,2023-01-12 18:00:00,True,38.92020653292447,Z
284,36,161887.58,A,2023-01-12 19:00:00,False,58.612671271667345,Y
285,37,21849.2,D,2023-01-12 20:00:00,True,33.06064188394548,X
286,33,57609.65,C,2023-01-12 21:00:00,True,75.78799324614323,X
287,22,31579.52,D,2023-01-12 22:00:00,True,59.80705518757522,X
288,57,64220.72,C,2023-01-12 23:00:00,True,69.75068988221896,Y
289,26,75309.3,B,2023-01-13 00:00:00,False,84.17864234633407,X
290,45,46960.49,D,2023-01-13 01:00:00,True,14.195095407236472,X
291,29,82313.37,A,2023-01-13 02:00:00,False,52.60297794012395,Z
292,50,53147.37,E,2023-01-13 03:00:00,False,44.24169517019424,Y
293,53,53764.18,D,2023-01-13 04:00:00,True,63.33898892308626,Y
294,31,46595.85,D,2023-01-13 05:00:00,True,70.16570969485886,X
295,18,88476.7,A,2023-01-13 06:00:00,True,62.76840240665231,Y
296,50,65062.32,B,2023-01-13 07:00:00,True,57.46072317509276,Z
297,64,153882.37,C,2023-01-13 08:00:00,True,51.979319025632705,X
298,46,128285.68,B,2023-01-13 09:00:00,True,71.70761246920863,Z
299,43,83471.85,A,2023-01-13 10:00:00,False,55.52639591778098,Y
300,51,16388.5,B,2023-01-13 11:00:00,True,85.56157051631119,X
301,51,24572.99,E,2023-01-13 12:00:00,True,45.857128139046175,X
302,32,108201.48,B,2023-01-13 13:00:00,True,87.90969098693266,Y
303,34,45008.96,C,2023-01-13 14:00:00,True,33.73571796266741,X
304,49,68934.1,D,2023-01-13 15:00:00,False,59.93214628143349,Z
305,40,41015.89,C,2023-01-13 16:00:00,False,56.44779732734496,Y
306,57,81693.68,B,2023-01-13 17:00:00,True,42.36125547849809,X
307,33,106382.24,C,2023-01-13 18:00:00,False,30.631246818185602,X
308,51,28976.01,D,2023-01-13 19:00:00,False,71.76396824847328,X
309,46,36748.66,B,2023-01-13 20:00:00,True,55.017593006317625,Y
310,40,22065.33,B,2023-01-13 21:00:00,False,72.20887419669523,Z
311,56,68874.71,B,2023-01-13 22:00:00,False,87.13032850668999,X
312,50,22044.79,E,2023-01-13 23:00:00,True,67.1888111613049,Y
313,29,48066.99,C,2023-01-14 00:00:00,False,72.34127497114639,X
314,49,81778.26,D,2023-01-14 01:00:00,False,48.1865748907412,Z
315,58,205840.27,C,2023-01-14 02:00:00,True,80.73205753451299,X
316,40,74686.23,C,2023-01-14 03:00:00,True,82.58091536656936,Y
317,39,126973.14,B,2023-01-14 04:00:00,False,65.29461097887497,Y
318,33,69947.15,E,2023-01-14 05:00:00,True,51.08981287330758,Y
319,41,72081.02,C,2023-01-14 06:00:00,False,55.977723716048544,Z
320,50,52756.71,E,2023-01-14 07:00:00,True,57.80795654967206,Z
321,32,47573.82,C,2023-01-14 08:00:00,False,63.420571798505534,X
322,25,121130.88,A,2023-01-14 09:00:00,True,54.89919749140909,Y
323,37,74967.1,A,2023-01-14 10:00:00,False,49.84506314979017,X
324,25,73260.57,C,2023-01-14 11:00:00,True,52.00189219236688,Y
325,48,41568.37,B,2023-01-14 12:00:00,False,55.106307638684484,Y
326,36,48677.63,E,2023-01-14 13:00:00,False,77.11152030951745,Z
327,20,207004.19,A,2023-01-14 14:00:00,True,38.29971319509548,Y
328,37,57497.62,D,2023-01-14 15:00:00,True,20.17241903913022,X
329,39,132680.71,E,2023-01-14 16:00:00,True,27.717294517013926,X
330,47,43820.15,B,2023-01-14 17:00:00,True,59.1005540126819,X
331,40,96850.76,E,2023-01-14 18:00:00,False,60.0563890090501,X
332,64,71244.82,A,2023-01-14 19:00:00,False,76.14601378455947,Z
333,35,46993.86,A,2023-01-14 20:00:00,False,99.74953037351304,Z
334,41,88356.74,B,2023-01-14 21:00:00,False,52.11390134934248,Z
335,40,23716.67,C,2023-01-14 22:00:00,True,74.12854551243944,Z
336,38,84522.48,C,2023-01-14 23:00:00,True,44.60829753534422,X
337,43,96003.69,D,2023-01-15 00:00:00,True,74.90656929708132,Y
338,48,70533.56,D,2023-01-15 01:00:00,True,60.17936311388302,Y
339,58,131472.66,A,2023-01-15 02:00:00,True,33.54802962411578,Y
340,23,57476.98,E,2023-01-15 03:00:00,False,60.937167284406726,Y
341,35,54749.12,A,2023-01-15 04:00:00,False,64.46925473236689,X
342,36,74089.1,E,2023-01-15 05:00:00,True,62.0285213568669,Y
343,53,100772.8,E,2023-01-15 06:00:00,True,50.110529662405334,X
344,37,84280.37,C,2023-01-15 07:00:00,True,81.61767097849577,Y
345,19,52262.38,D,2023-01-15 08:00:00,False,75.61643152936799,X
346,43,32953.85,B,2023-01-15 09:00:00,True,67.49221532769457,Y
347,41,89151.06,C,2023-01-15 10:00:00,False,42.56589791917317,Y
348,44,37281.68,E,2023-01-15 11:00:00,False,48.03026073983487,Y
349,29,36645.09,A,2023-01-15 12:00:00,True,69.89572487180949,Z
350,62,40425.42,C,2023-01-15 13:00:00,True,85.8098962578639,X
351,38,61983.61,B,2023-01-15 14:00:00,True,73.684675291079,Z
352,39,37131.54,E,2023-01-15 15:00:00,False,51.84416465945889,Z
353,31,30290.43,A,2023-01-15 16:00:00,False,57.98012325160473,X
354,30,40323.71,E,2023-01-15 17:00:00,False,77.37495367459186,Z
355,27,53637.35,B,2023-01-15 18:00:00,False,31.768217292030858,Y
356,37,78634.88,C,2023-01-15 19:00:00,True,29.86468020020912,Z
357,30,62340.1,B,2023-01-15 20:00:00,True,74.03986836508018,Y
358,66,31310.94,E,2023-01-15 21:00:00,False,57.60649709710405,Y
359,19,68678.9,A,2023-01-15 22:00:00,True,38.212345359575785,Y
360,28,72667.78,C,2023-01-15 23:00:00,True,51.73086816050775,Z
361,37,45570.78,B,2023-01-16 00:00:00,False,48.83398824099112,Y
362,50,37132.67,E,2023-01-16 01:00:00,True,64.21310926624024,X
363,37,37124.11,B,2023-01-16 02:00:00,True,52.89451705589599,X
364,50,43517.25,E,2023-01-16 03:00:00,True,62.98327393169126,Z
365,30,226057.62,E,2023-01-16 04:00:00,True,83.65636880319262,Z
366,42,35121.07,C,2023-01-16 05:00:00,True,58.600081131728295,Y
367,62,70234.82,A,2023-01-16 06:00:00,True,53.238079837013416,Y
368,30,39008.64,E,2023-01-16 07:00:00,False,45.9127134841592,Y
369,47,44196.91,D,2023-01-16 08:00:00,True,46.58004467876709,Z
370,44,39195.54,C,2023-01-16 09:00:00,False,53.19713477128756,Z
371,18,96830.9,C,2023-01-16 10:00:00,False,73.5099523924669,X
372,34,75166.78,A,2023-01-16 11:00:00,False,69.32748747150339,X
373,55,55403.26,A,2023-01-16 12:00:00,True,28.499743579074146,X
374,43,80964.09,C,2023-01-16 13:00:00,True,88.84473590895439,Z
375,27,93533.92,A,2023-01-16 14:00:00,False,45.21312556441869,Z
376,50,35938.74,D,2023-01-16 15:00:00,True,45.26580057103196,Y
377,36,83145.84,E,2023-01-16 16:00:00,False,52.00350781873668,X
378,46,38926.13,D,2023-01-16 17:00:00,False,92.11714096780706,Y
379,46,98988.72,C,2023-01-16 18:00:00,False,66.57750160683861,Y
380,28,93350.74,D,2023-01-16 19:00:00,True,59.20585201661091,X
381,51,76284.25,D,2023-01-16 20:00:00,False,44.5639413051383,X
382,29,52788.27,C,2023-01-16 21:00:00,False,58.28459232823662,Y
383,26,43666.41,A,2023-01-16 22:00:00,False,96.07029147761696,Y
384,31,51114.46,A,2023-01-16 23:00:00,True,70.73788464574305,Y
385,37,94986.77,C,2023-01-17 00:00:00,True,47.06452038213436,X
386,43,39759.39,B,2023-01-17 01:00:00,False,48.8490919641322,X
387,32,61685.41,B,2023-01-17 02:00:00,True,65.92469815788655,Y
388,50,20982.05,C,2023-01-17 03:00:00,False,72.36362785949288,X
389,45,69998.2,B,2023-01-17 04:00:00,False,34.35407286921525,Z
390,33,32166.57,C,2023-01-17 05:00:00,False,62.04060359735805,Z
391,52,27149.61,B,2023-01-17 06:00:00,True,68.01907317735619,Z
392,55,81734.29,C,2023-01-17 07:00:00,False,77.69980317974978,X
393,40,67927.93,C,2023-01-17 08:00:00,False,33.32109347890039,Y
394,39,45888.67,B,2023-01-17 09:00:00,False,96.52755754146595,Y
395,20,49948.24,C,2023-01-17 10:00:00,False,47.702619686324724,X
396,37,233893.29,B,2023-01-17 11:00:00,False,47.11434063360567,Z
397,38,53290.5,E,2023-01-17 12:00:00,True,46.00185800177677,Y
398,44,53064.87,D,2023-01-17 13:00:00,False,65.57764311376596,X
399,39,88555.36,A,2023-01-17 14:00:00,False,38.32225130373986,X
400,44,63090.62,E,2023-01-17 15:00:00,True,86.26568003925394,Y
401,60,108277.98,C,2023-01-17 16:00:00,False,46.72810814487889,Z
402,35,70718.98,E,2023-01-17 17:00:00,True,57.2647954263807,Y
403,36,94528.2,E,2023-01-17 18:00:00,True,34.840961746000644,Y
404,26,78119.75,A,2023-01-17 19:00:00,False,45.606034819368425,Y
405,41,88184.13,B,2023-01-17 20:00:00,True,18.75825905846638,X
406,53,58361.3,E,2023-01-17 21:00:00,True,54.48324880805821,X
407,20,68426.58,D,2023-01-17 22:00:00,False,53.14343576391176,X
408,34,50887.81,A,2023-01-17 23:00:00,True,23.296363168400543,X
409,42,86034.33,B,2023-01-18 00:00:00,True,51.666999036063075,Y
410,52,26698.88,C,2023-01-18 01:00:00,True,64.07338278204408,X
411,46,92566.43,B,2023-01-18 02:00:00,False,79.38220176251265,X
412,45,108968.62,B,2023-01-18 03:00:00,False,38.656860337303286,X
413,39,93438.34,E,2023-01-18 04:00:00,True,22.275197402311477,Z
414,47,56248.88,C,2023-01-18 05:00:00,True,52.790807854802615,Y
415,54,81075.62,C,2023-01-18 06:00:00,True,87.30074830653211,X
416,21,37573.44,D,2023-01-18 07:00:00,True,49.230828757163394,X
417,50,98939.25,A,2023-01-18 08:00:00,False,46.5170406512329,X
418,40,30960.6,B,2023-01-18 09:00:00,True,74.51330369431061,X
419,35,85497.18,E,2023-01-18 10:00:00,False,48.17398103649637,Y
420,18,82420.91,E,2023-01-18 11:00:00,False,48.47907008227015,X
421,25,76422.83,C,2023-01-18 12:00:00,True,42.74072798314862,Z
422,62,45786.74,E,2023-01-18 13:00:00,False,57.07374010427793,X
423,33,94475.87,C,2023-01-18 14:00:00,False,54.683655418359706,Z
424,28,19883.41,E,2023-01-18 15:00:00,False,57.92743280407015,X
425,36,95447.64,D,2023-01-18 16:00:00,False,56.851507723694866,Y
426,33,67161.99,E,2023-01-18 17:00:00,False,26.965347048194594,X
427,43,112485.01,A,2023-01-18 18:00:00,False,66.67924501679235,Z
428,60,67509.89,A,2023-01-18 19:00:00,False,29.939024148012347,Y
429,34,180396.79,C,2023-01-18 20:00:00,True,49.58817850555615,Y
430,43,34026.96,E,2023-01-18 21:00:00,True,77.52547539934733,X
431,28,86305.14,E,2023-01-18 22:00:00,True,65.71701201754294,X
432,60,35185.78,C,2023-01-18 23:00:00,True,82.57815008936196,Y
433,44,55501.66,A,2023-01-19 00:00:00,False,46.36462997546873,X
434,29,93472.59,A,2023-01-19 01:00:00,True,45.008736915904244,Y
435,52,87138.86,C,2023-01-19 02:00:00,True,76.16124713044508,Y
436,56,208506.02,B,2023-01-19 03:00:00,True,57.708442766940905,X
437,43,48492.09,B,2023-01-19 04:00:00,False,92.38616342466749,X
438,22,129521.32,E,2023-01-19 05:00:00,True,38.43067536740226,X
439,63,51401.36,A,2023-01-19 06:00:00,False,68.19943051900695,X
440,45,39318.87,A,2023-01-19 07:00:00,False,66.44951892034341,X
441,56,22611.82,B,2023-01-19 08:00:00,True,76.44368154790547,Y
442,35,66012.7,B,2023-01-19 09:00:00,True,66.2307062641195,X
443,37,43792.45,A,2023-01-19 10:00:00,False,67.79226114883312,X
444,43,99559.47,C,2023-01-19 11:00:00,True,58.16707410891879,Y
445,55,43606.41,B,2023-01-19 12:00:00,False,72.76958563435555,Z
446,43,44982.96,E,2023-01-19 13:00:00,False,46.66335377831988,X
447,26,74072.02,A,2023-01-19 14:00:00,False,71.81411188828385,X
448,45,168169.8,A,2023-01-19 15:00:00,False,88.96602035919734,X
449,61,31157.49,A,2023-01-19 16:00:00,True,42.58348105907901,X
450,42,110256.82,B,2023-01-19 17:00:00,False,67.90450984018176,X
451,43,101160.45,D,2023-01-19 18:00:00,False,62.96457015049623,Y
452,26,52440.39,E,2023-01-19 19:00:00,False,38.23280446327526,Y
453,25,89791.87,E,2023-01-19 20:00:00,True,57.02798584620588,X
454,34,50485.13,B,2023-01-19 21:00:00,True,71.32676071970532,Y
455,38,248409.3,A,2023-01-19 22:00:00,False,68.90950070256666,X
456,43,55979.61,C,2023-01-19 23:00:00,True,39.51227651564755,X
457,43,62833.8,B,2023-01-20 00:00:00,False,60.087197031251115,X
458,61,49243.12,A,2023-01-20 01:00:00,False,63.638098505342576,X
459,42,21675.28,E,2023-01-20 02:00:00,False,71.64569660260548,X
460,54,51129.04,C,2023-01-20 03:00:00,False,56.033404212407916,X
461,41,68818.11,B,2023-01-20 04:00:00,True,44.98134862262098,X
462,59,147348.17,D,2023-01-20 05:00:00,False,75.20222249692952,Y
463,19,80432.55,E,2023-01-20 06:00:00,False,35.71240660793421,Y
464,34,53442.99,E,2023-01-20 07:00:00,False,43.583314301572486,Y
465,53,62066.76,B,2023-01-20 08:00:00,True,68.89833127514409,X
466,39,72867.95,A,2023-01-20 09:00:00,False,60.99397007466455,Y
467,53,47696.84,B,2023-01-20 10:00:00,True,57.733655844462234,X
468,46,90160.1,E,2023-01-20 11:00:00,True,40.59935921641822,X
469,53,158744.76,A,2023-01-20 12:00:00,True,71.50144061878433,Y
470,49,48151.65,E,2023-01-20 13:00:00,True,65.41232374435786,X
471,50,123564.45,C,2023-01-20 14:00:00,True,90.18262935522088,X
472,59,101295.35,A,2023-01-20 15:00:00,False,67.60643892181164,Y
473,53,82648.08,E,2023-01-20 16:00:00,False,30.092661791271592,Y
474,53,64033.1,D,2023-01-20 17:00:00,True,56.89437869904547,Y
475,42,73325.98,A,2023-01-20 18:00:00,False,53.40409250734332,Y
476,35,52552.3,B,2023-01-20 19:00:00,True,52.17690350226773,X
477,34,180253.79,E,2023-01-20 20:00:00,True,51.42003693702898,X
478,51,38908.11,D,2023-01-20 21:00:00,False,57.96581159356403,Y
479,18,118298.55,B,2023-01-20 22:00:00,False,41.69599518733378,Z
480,26,151726.23,D,2023-01-20 23:00:00,True,26.385965209500327,Z
481,30,49321.7,B,2023-01-21 00:00:00,False,62.35073346669417,Y
482,39,120512.43,C,2023-01-21 01:00:00,True,74.70553446783043,X
483,18,65276.59,E,2023-01-21 02:00:00,True,63.28583060733688,X
484,57,62156.82,B,2023-01-21 03:00:00,True,60.313886997194054,Y
485,49,57254.52,C,2023-01-21 04:00:00,False,41.1669819508782,X
486,65,22737.28,D,2023-01-21 05:00:00,False,70.52432645251228,Y
487,54,83179.35,B,2023-01-21 06:00:00,False,19.573315078893742,Z
488,54,142362.38,B,2023-01-21 07:00:00,False,91.64488485769068,X
489,69,39228.85,E,2023-01-21 08:00:00,False,45.02954484911732,Z
490,35,99548.79,D,2023-01-21 09:00:00,True,67.84321086380268,X
491,23,56890.11,D,2023-01-21 10:00:00,True,46.76287568938175,X
492,39,31082.07,E,2023-01-21 11:00:00,True,56.941306553020944,Y
493,32,108959.77,C,2023-01-21 12:00:00,True,48.83691255417068,Z
494,38,164657.38,E,2023-01-21 13:00:00,False,18.952229861280983,Y
495,29,37177.11,E,2023-01-21 14:00:00,True,66.30898643892883,Y
496,48,68150.99,D,2023-01-21 15:00:00,True,35.75554621397368,Z
497,48,25239.33,D,2023-01-21 16:00:00,False,34.30549939171679,Z
498,41,58383.91,A,2023-01-21 17:00:00,True,46.25175269116249,Z
499,45,80148.77,C,2023-01-21 18:00:00,True,49.85796977832525,X
500,40,171398.37,D,2023-01-21 19:00:00,False,61.33087730277692,X
501,51,152442.72,B,2023-01-21 20:00:00,True,45.80193478428937,Y
502,42,160411.71,A,2023-01-21 21:00:00,True,100.0,Y
503,38,43640.67,A,2023-01-21 22:00:00,True,27.28291933912082,Y
504,53,51683.87,D,2023-01-21 23:00:00,False,49.1312005008191,Y
505,57,22057.69,A,2023-01-22 00:00:00,False,63.73993132993897,Y
506,58,38984.0,C,2023-01-22 01:00:00,True,74.58758345021751,X
507,30,25056.85,E,2023-01-22 02:00:00,False,66.32128565701804,Y
508,35,74557.22,E,2023-01-22 03:00:00,False,70.23949809699694,X
509,21,39411.23,D,2023-01-22 04:00:00,True,42.52242003951392,X
510,39,30919.63,E,2023-01-22 05:00:00,False,65.71449846321286,X
511,46,48375.62,D,2023-01-22 06:00:00,True,78.45048175255438,X
512,40,29409.52,A,2023-01-22 07:00:00,False,63.86467900553824,X
513,65,72071.22,C,2023-01-22 08:00:00,True,98.10425660663456,X
514,37,71016.57,A,2023-01-22 09:00:00,False,53.93095576956997,Y
515,28,49541.82,C,2023-01-22 10:00:00,True,49.05211100034939,Y
516,48,38622.67,B,2023-01-22 11:00:00,True,24.025634386239034,Y
517,43,26804.77,B,2023-01-22 12:00:00,False,47.07663615305685,Y
518,48,83551.12,B,2023-01-22 13:00:00,False,64.23942530081933,X
519,45,68681.31,E,2023-01-22 14:00:00,False,71.13798503101206,Y
520,44,79109.58,A,2023-01-22 15:00:00,True,80.14834295978358,Z
521,18,49818.36,B,2023-01-22 16:00:00,False,58.965583979667166,X
522,33,52535.58,A,2023-01-22 17:00:00,False,44.75758340837508,X
523,34,142229.82,B,2023-01-22 18:00:00,False,31.266922925860538,X
524,37,41758.11,A,2023-01-22 19:00:00,False,51.72070387647776,X
525,36,49633.12,B,2023-01-22 20:00:00,False,36.51832116623259,Y
526,46,93557.85,A,2023-01-22 21:00:00,True,51.40131914658331,Z
527,49,71807.68,B,2023-01-22 22:00:00,True,30.017569437861688,X
528,28,17536.27,C,2023-01-22 23:00:00,True,48.621664531110355,Z
529,50,21747.8,E,2023-01-23 00:00:00,False,43.62574969981109,X
530,49,40275.61,C,2023-01-23 01:00:00,False,73.34754639360884,X
531,47,103381.34,C,2023-01-23 02:00:00,False,33.94702375932849,X
532,24,89590.44,A,2023-01-23 03:00:00,False,24.65675700672037,Y
533,47,81773.95,B,2023-01-23 04:00:00,False,69.11873665457506,X
534,42,87259.91,B,2023-01-23 05:00:00,True,82.1060233155636,Z
535,53,33477.64,B,2023-01-23 06:00:00,False,68.91850207861162,X
536,63,85873.3,E,2023-01-23 07:00:00,False,52.4410031197028,Y
537,61,34448.81,B,2023-01-23 08:00:00,False,39.54419836023596,Z
538,43,105702.05,B,2023-01-23 09:00:00,False,51.22795902343217,Y
539,41,44075.57,D,2023-01-23 10:00:00,False,47.89181972742193,Z
540,49,70896.45,E,2023-01-23 11:00:00,False,33.38401699950861,X
541,28,19444.14,B,2023-01-23 12:00:00,False,55.23792887836651,X
542,24,26653.26,E,2023-01-23 13:00:00,False,78.18340469102122,X
543,36,115197.86,D,2023-01-23 14:00:00,False,70.38087670434929,X
544,56,90675.85,A,2023-01-23 15:00:00,False,61.35627187881867,X
545,38,28831.91,B,2023-01-23 16:00:00,True,53.97182724044818,Y
546,60,129489.49,E,2023-01-23 17:00:00,False,37.372385630567095,Y
547,18,31117.62,B,2023-01-23 18:00:00,False,74.6247323469653,X
548,22,60595.55,E,2023-01-23 19:00:00,True,29.133062835995734,X
549,40,44888.62,B,2023-01-23 20:00:00,True,16.423267457087853,X
550,52,34404.78,C,2023-01-23 21:00:00,True,53.874771830699814,X
551,41,120663.91,B,2023-01-23 22:00:00,True,47.38232977688273,Z
552,40,164553.15,C,2023-01-23 23:00:00,True,48.61912572808536,X
553,40,66633.62,C,2023-01-24 00:00:00,True,68.05231796852645,X
554,20,149581.9,E,2023-01-24 01:00:00,True,64.70652838151426,X
555,55,50577.95,E,2023-01-24 02:00:00,False,66.95554322434434,Y
556,33,63894.28,B,2023-01-24 03:00:00,False,74.63204311557698,X
557,55,64789.16,A,2023-01-24 04:00:00,False,32.17038677859986,Y
558,41,29910.79,B,2023-01-24 05:00:00,False,86.48330027758254,Z
559,54,80795.3,D,2023-01-24 06:00:00,False,39.63733522926235,X
560,46,91657.67,B,2023-01-24 07:00:00,True,60.57264700380091,Z
561,40,53955.55,B,2023-01-24 08:00:00,False,88.73034541701728,Y
562,44,21697.43,E,2023-01-24 09:00:00,False,84.3195728641,Y
563,24,74654.29,D,2023-01-24 10:00:00,False,80.44079056182075,Z
564,42,24124.71,E,2023-01-24 11:00:00,False,54.61060033218492,X
565,62,36799.45,A,2023-01-24 12:00:00,False,28.74656117995823,X
566,57,64786.52,C,2023-01-24 13:00:00,False,35.75311536958096,Z
567,30,37729.69,E,2023-01-24 14:00:00,True,49.299480751464074,X
568,48,69717.45,B,2023-01-24 15:00:00,False,42.685233266865886,Z
569,44,52275.02,D,2023-01-24 16:00:00,False,42.08204314428262,Y
570,51,22509.71,A,2023-01-24 17:00:00,True,50.75474487601386,Y
571,43,66222.99,B,2023-01-24 18:00:00,False,43.488905699046356,X
572,39,85131.11,B,2023-01-24 19:00:00,True,45.710496091479826,X
573,57,109912.53,B,2023-01-24 20:00:00,False,56.66508514763152,X
574,44,48052.97,C,2023-01-24 21:00:00,True,37.16598726650224,X
575,57,57705.62,E,2023-01-24 22:00:00,False,67.9271349866143,Y
576,53,24414.56,B,2023-01-24 23:00:00,False,72.03650912473893,Y
577,38,194645.19,D,2023-01-25 00:00:00,True,46.7590351188868,Y
578,39,147709.81,B,2023-01-25 01:00:00,True,55.17723528103676,X
579,65,58741.37,B,2023-01-25 02:00:00,False,82.33058137191382,Y
580,44,55553.12,A,2023-01-25 03:00:00,False,69.41831089165085,X
581,32,10320.28,A,2023-01-25 04:00:00,True,84.10269727899794,X
582,27,111430.63,A,2023-01-25 05:00:00,True,68.87725156927128,Y
583,53,83928.18,C,2023-01-25 06:00:00,True,73.56555209401,X
584,43,97507.75,C,2023-01-25 07:00:00,False,44.81575395577624,Z
585,32,46950.59,A,2023-01-25 08:00:00,False,54.46591459074661,Y
586,50,45176.97,C,2023-01-25 09:00:00,False,41.2604545623367,X
587,43,28531.07,D,2023-01-25 10:00:00,False,56.50976869340807,Y
588,22,95492.77,C,2023-01-25 11:00:00,True,64.78496482497899,Y
589,49,126917.47,C,2023-01-25 12:00:00,True,59.23111003202019,Z
590,57,117515.99,C,2023-01-25 13:00:00,False,28.04748814996336,Y
591,72,66993.75,B,2023-01-25 14:00:00,False,40.78327187932896,Y
592,42,49217.72,C,2023-01-25 15:00:00,False,33.79640196326942,X
593,44,31850.8,E,2023-01-25 16:00:00,True,60.6197985854873,X
594,61,39298.82,E,2023-01-25 17:00:00,True,47.93394392780655,X
595,44,79263.28,D,2023-01-25 18:00:00,False,59.855554924607866,Y
596,45,50476.74,E,2023-01-25 19:00:00,True,17.703950418825244,Y
597,34,160306.44,B,2023-01-25 20:00:00,True,56.778156426137166,X
598,25,119540.87,D,2023-01-25 21:00:00,True,36.62710122271343,X
599,52,41727.45,B,2023-01-25 22:00:00,False,67.84028629970487,X
600,26,28871.28,C,2023-01-25 23:00:00,False,68.88785724446461,Y
601,55,43085.81,C,2023-01-26 00:00:00,False,65.003040421306,X
602,32,113462.74,A,2023-01-26 01:00:00,True,71.95589900779038,Y
603,45,43723.74,C,2023-01-26 02:00:00,False,69.58481191133778,X
604,37,83082.78,C,2023-01-26 03:00:00,True,45.688371775473755,Z
605,56,42636.75,C,2023-01-26 04:00:00,False,28.985071099831462,Y
606,45,73563.08,A,2023-01-26 05:00:00,True,67.86084798168292,X
607,65,82197.91,B,2023-01-26 06:00:00,False,60.79338480179254,X
608,28,108174.39,B,2023-01-26 07:00:00,True,14.01621185778054,Y
609,46,141484.31,D,2023-01-26 08:00:00,True,24.140326952963186,X
610,42,131417.87,D,2023-01-26 09:00:00,True,31.706552818013737,X
611,45,43560.11,B,2023-01-26 10:00:00,False,53.579519285844114,Y
612,61,54818.82,B,2023-01-26 11:00:00,False,29.806900693445403,X
613,49,29610.52,D,2023-01-26 12:00:00,True,66.7914746470671,X
614,28,51978.68,B,2023-01-26 13:00:00,True,45.82208434410085,X
615,48,60754.13,C,2023-01-26 14:00:00,True,82.83206813028974,Y
616,37,46986.9,B,2023-01-26 15:00:00,True,62.68072054627344,X
617,36,44260.56,A,2023-01-26 16:00:00,True,52.65151267490856,X
618,54,111218.07,D,2023-01-26 17:00:00,True,62.59327631040636,X
619,34,103206.77,D,2023-01-26 18:00:00,True,38.201831566558155,X
620,37,76074.87,A,2023-01-26 19:00:00,False,81.02802413809971,X
621,42,27819.53,A,2023-01-26 20:00:00,True,73.9077775857045,X
622,53,67545.62,A,2023-01-26 21:00:00,False,59.438213646153926,X
623,48,47546.39,A,2023-01-26 22:00:00,False,89.79819781619048,X
624,39,131852.15,B,2023-01-26 23:00:00,False,28.62408095171787,X
625,38,20305.06,E,2023-01-27 00:00:00,False,69.57073889031939,Z
626,28,42817.65,B,2023-01-27 01:00:00,False,76.67443438993098,X
627,32,42108.71,D,2023-01-27 02:00:00,False,63.94006413591445,Y
628,34,45254.42,E,2023-01-27 03:00:00,False,52.199614711755764,Z
629,40,106356.0,B,2023-01-27 04:00:00,False,17.921765640148962,X
630,65,14597.2,D,2023-01-27 05:00:00,True,74.53361909474401,Y
631,33,52847.66,B,2023-01-27 06:00:00,False,47.320399421033486,Z
632,38,99751.0,D,2023-01-27 07:00:00,False,53.71532285861476,Z
633,18,107804.05,B,2023-01-27 08:00:00,True,72.75530773831403,X
634,49,43068.76,E,2023-01-27 09:00:00,True,72.80308606257532,X
635,23,39820.34,A,2023-01-27 10:00:00,False,34.19731127763194,Z
636,31,73697.79,C,2023-01-27 11:00:00,False,37.22456587644837,Y
637,54,65553.51,E,2023-01-27 12:00:00,False,42.26038943322611,Z
638,18,62420.05,A,2023-01-27 13:00:00,False,67.40182290615489,Y
639,43,6119.12,A,2023-01-27 14:00:00,True,74.43119499948995,Y
640,51,30445.6,B,2023-01-27 15:00:00,False,64.04313763741584,X
641,60,35670.03,A,2023-01-27 16:00:00,False,47.069430143754715,X
642,30,88062.84,D,2023-01-27 17:00:00,False,52.41296992168632,Y
643,34,25223.82,C,2023-01-27 18:00:00,True,79.95279585766967,Z
644,63,31953.07,C,2023-01-27 19:00:00,True,34.77193580323248,X
645,41,54577.1,E,2023-01-27 20:00:00,True,69.0367921580562,Z
646,33,27651.71,B,2023-01-27 21:00:00,False,53.07271416612676,Y
647,33,88054.6,B,2023-01-27 22:00:00,False,63.813633966337854,Y
648,30,47342.22,C,2023-01-27 23:00:00,False,55.45087670277412,Y
649,36,179825.74,D,2023-01-28 00:00:00,True,73.56725572873592,Z
650,55,41034.51,B,2023-01-28 01:00:00,True,64.5525759217531,X
651,52,42371.45,D,2023-01-28 02:00:00,True,56.268179164055915,Y
652,27,97019.08,A,2023-01-28 03:00:00,True,95.7662973342068,X
653,44,40408.6,E,2023-01-28 04:00:00,False,77.51533685867744,Y
654,37,148292.36,E,2023-01-28 05:00:00,False,59.88837357356895,Y
655,51,79997.36,B,2023-01-28 06:00:00,True,68.95886943597333,Y
656,40,49894.8,E,2023-01-28 07:00:00,False,57.1086615329644,Z
657,46,54367.47,B,2023-01-28 08:00:00,True,42.557585960747616,Z
658,40,331182.43,C,2023-01-28 09:00:00,False,23.98301844085084,X
659,18,80273.32,D,2023-01-28 10:00:00,False,92.16392758240323,Y
660,42,65531.5,D,2023-01-28 11:00:00,True,47.092589903503566,X
661,26,55295.89,E,2023-01-28 12:00:00,False,65.6036446144195,X
662,50,111557.7,C,2023-01-28 13:00:00,False,77.76632917037124,Y
663,33,24076.81,C,2023-01-28 14:00:00,False,47.09703786362719,X
664,34,53706.39,C,2023-01-28 15:00:00,False,49.99947093300095,X
665,41,10935.89,C,2023-01-28 16:00:00,True,64.34475903223036,X
666,48,43475.61,D,2023-01-28 17:00:00,True,64.50632868829635,X
667,39,99583.93,B,2023-01-28 18:00:00,False,55.597935430669935,Z
668,61,137219.69,A,2023-01-28 19:00:00,False,35.995726075231254,X
669,61,86127.34,C,2023-01-28 20:00:00,True,78.20365021386885,Z
670,62,87902.29,B,2023-01-28 21:00:00,False,68.72924205531231,Y
671,39,21385.3,C,2023-01-28 22:00:00,True,58.274487726253284,X
672,24,39853.91,C,2023-01-28 23:00:00,True,69.48612386489967,X
673,56,145022.33,B,2023-01-29 00:00:00,False,0.0,X
674,37,43725.38,B,2023-01-29 01:00:00,False,56.14214411219035,Z
675,42,55183.02,D,2023-01-29 02:00:00,False,47.38886695016565,Y
676,49,36925.69,B,2023-01-29 03:00:00,True,19.716180418896442,X
677,22,34192.07,E,2023-01-29 04:00:00,False,64.80714812810146,X
678,61,45154.19,D,2023-01-29 05:00:00,False,37.28777213543686,Z
679,52,40270.18,E,2023-01-29 06:00:00,True,80.49156178367694,X
680,46,106351.09,A,2023-01-29 07:00:00,True,52.44816162913762,X
681,52,68133.33,A,2023-01-29 08:00:00,True,66.99839434371957,Y
682,48,110340.94,C,2023-01-29 09:00:00,True,44.58452271770554,Y
683,43,26046.99,D,2023-01-29 10:00:00,False,69.80374653291484,X
684,38,124900.4,B,2023-01-29 11:00:00,False,80.5097842935198,X
685,33,60649.93,A,2023-01-29 12:00:00,False,26.667072036407077,Z
686,45,180522.2,E,2023-01-29 13:00:00,True,66.12445363193468,X
687,46,58007.89,D,2023-01-29 14:00:00,True,25.341521322438943,X
688,54,24439.57,E,2023-01-29 15:00:00,True,52.93733703187447,Y
689,44,129383.01,B,2023-01-29 16:00:00,True,59.672282192375526,Z
690,31,55166.27,C,2023-01-29 17:00:00,True,35.34093354929108,X
691,23,16460.7,D,2023-01-29 18:00:00,False,49.04286236302198,X
692,40,65324.13,C,2023-01-29 19:00:00,False,81.94273093468752,X
693,41,68784.72,A,2023-01-29 20:00:00,True,71.11601361875405,Y
694,40,114195.55,C,2023-01-29 21:00:00,False,73.61907251099862,X
695,23,6957.0,E,2023-01-29 22:00:00,False,84.3465644271797,Z
696,54,119291.06,B,2023-01-29 23:00:00,True,49.31861639582595,X
697,54,45037.1,C,2023-01-30 00:00:00,True,73.031263806746,Y
698,32,190184.27,E,2023-01-30 01:00:00,False,44.154026428841405,X
699,51,21354.79,B,2023-01-30 02:00:00,True,77.46817697450398,Y
700,53,83050.43,B,2023-01-30 03:00:00,True,34.68963829329826,Z
701,42,76652.02,D,2023-01-30 04:00:00,True,40.05585204059542,Y
702,30,46477.85,B,2023-01-30 05:00:00,True,86.46535671413704,Y
703,61,37636.01,E,2023-01-30 06:00:00,True,65.96048242740761,X
704,46,47846.49,E,2023-01-30 07:00:00,False,60.926046439112945,Y
705,38,48628.63,B,2023-01-30 08:00:00,False,51.75451396757015,X
706,51,28224.26,A,2023-01-30 09:00:00,True,48.14257406496475,X
707,61,108640.04,C,2023-01-30 10:00:00,False,53.656217929870564,Y
708,36,31091.19,E,2023-01-30 11:00:00,False,53.40703345820553,Y
709,50,110626.46,E,2023-01-30 12:00:00,False,67.27971645087689,Z
710,65,20468.44,A,2023-01-30 13:00:00,True,85.62413407057898,X
711,28,53835.38,E,2023-01-30 14:00:00,False,39.880699561225114,Z
712,35,54318.28,C,2023-01-30 15:00:00,False,58.22910338522921,Y
713,34,59309.42,E,2023-01-30 16:00:00,True,69.60521324179498,X
714,40,106274.17,E,2023-01-30 17:00:00,True,50.027527966693,Y
715,39,53028.87,A,2023-01-30 18:00:00,False,69.80909082270612,Y
716,45,45489.75,C,2023-01-30 19:00:00,False,30.212276638599022,X
717,32,53125.03,E,2023-01-30 20:00:00,False,96.42000882252012,X
718,34,107861.59,E,2023-01-30 21:00:00,True,61.1030664289171,Z
719,45,29045.99,E,2023-01-30 22:00:00,False,54.20229991357006,X
720,43,32454.65,E,2023-01-30 23:00:00,False,42.16148522315491,Z
721,52,18508.42,E,2023-01-31 00:00:00,False,50.228073093146094,X
722,46,202065.91,C,2023-01-31 01:00:00,True,68.33077577558763,Y
723,51,29856.36,C,2023-01-31 02:00:00,True,98.02135100831674,X
724,28,19317.0,A,2023-01-31 03:00:00,False,31.626702144381728,Z
725,37,36851.83,B,2023-01-31 04:00:00,False,53.24086510243421,Y
726,64,41461.76,B,2023-01-31 05:00:00,True,34.79749139670743,X
727,46,144245.73,E,2023-01-31 06:00:00,True,33.2118553639011,Y
728,50,45299.92,B,2023-01-31 07:00:00,True,56.61775169465233,Y
729,45,71329.24,E,2023-01-31 08:00:00,False,45.984635261248606,X
730,47,20445.79,B,2023-01-31 09:00:00,False,61.01600424818283,Y
731,39,67832.05,C,2023-01-31 10:00:00,True,67.49336889301838,X
732,80,22263.91,C,2023-01-31 11:00:00,False,32.48715032719913,Y
733,37,49604.8,A,2023-01-31 12:00:00,True,45.438196665752955,X
734,41,37952.0,B,2023-01-31 13:00:00,False,50.024272390673964,Z
735,18,62004.54,E,2023-01-31 14:00:00,False,15.952899323090726,Y
736,55,87609.54,C,2023-01-31 15:00:00,True,50.36227510700819,Z
737,35,26861.85,E,2023-01-31 16:00:00,False,32.048323969408955,X
738,41,30277.16,D,2023-01-31 17:00:00,True,51.00460918704985,X
739,35,67248.73,E,2023-01-31 18:00:00,True,54.16297995654916,X
740,40,90433.62,B,2023-01-31 19:00:00,True,21.224018366220733,X
741,38,140143.91,B,2023-01-31 20:00:00,False,34.95608973617047,X
742,41,45110.26,A,2023-01-31 21:00:00,False,62.10321258784184,X
743,41,24467.79,E,2023-01-31 22:00:00,True,71.01625034338619,X
744,40,66968.35,C,2023-01-31 23:00:00,True,89.12327469891858,X
745,39,37168.38,D,2023-02-01 00:00:00,True,61.31422335472023,X
746,57,34384.04,A,2023-02-01 01:00:00,True,43.184350209238765,Y
747,52,139372.61,E,2023-02-01 02:00:00,False,38.44525081286723,X
748,52,86788.56,C,2023-02-01 03:00:00,False,32.05036806220397,Z
749,33,38682.91,A,2023-02-01 04:00:00,True,73.49439155222757,X
750,57,59205.7,C,2023-02-01 05:00:00,False,30.508814868229134,Z
751,55,56874.01,C,2023-02-01 06:00:00,False,41.02473889202285,X
752,35,66108.81,B,2023-02-01 07:00:00,True,52.69912780677817,X
753,60,46931.12,D,2023-02-01 08:00:00,False,77.95516876329359,X
754,33,19148.17,C,2023-02-01 09:00:00,True,65.98943838473488,Y
755,19,33329.22,E,2023-02-01 10:00:00,False,52.53215594384646,Z
756,55,43512.44,E,2023-02-01 11:00:00,True,66.39804823591551,Y
757,40,60892.61,A,2023-02-01 12:00:00,True,89.61483801347163,Y
758,53,31276.53,C,2023-02-01 13:00:00,True,48.94800636558384,Y
759,32,66954.66,D,2023-02-01 14:00:00,False,75.57960714922926,X
760,26,47630.91,A,2023-02-01 15:00:00,False,66.07527293480335,Z
761,56,37961.01,E,2023-02-01 16:00:00,True,77.42546189156408,Z
762,25,27940.55,E,2023-02-01 17:00:00,True,57.641787463410544,Y
763,23,78268.06,A,2023-02-01 18:00:00,True,42.58973775255519,Z
764,18,77230.21,E,2023-02-01 19:00:00,False,36.197172636726165,Z
765,18,96773.89,C,2023-02-01 20:00:00,True,51.49967646768621,X
766,29,83247.46,D,2023-02-01 21:00:00,True,36.79254187094296,Z
767,18,87071.13,D,2023-02-01 22:00:00,False,29.20691083622206,X
768,41,75300.89,A,2023-02-01 23:00:00,True,97.16566563883087,Y
769,18,20846.77,A,2023-02-02 00:00:00,True,38.274710027792494,Z
770,28,50641.6,C,2023-02-02 01:00:00,False,46.27276029744186,Y
771,69,25350.93,B,2023-02-02 02:00:00,True,57.34975575281146,X
772,46,136152.01,B,2023-02-02 03:00:00,True,87.45701790740819,Z
773,42,59372.82,A,2023-02-02 04:00:00,True,66.98145184311173,X
774,22,128264.97,E,2023-02-02 05:00:00,True,80.07217804316639,Z
775,39,32267.2,C,2023-02-02 06:00:00,True,58.08883817034642,Y
776,42,56663.1,E,2023-02-02 07:00:00,False,55.57904781592346,X
777,22,70124.29,C,2023-02-02 08:00:00,True,58.825923532295086,X
778,43,49092.36,A,2023-02-02 09:00:00,True,77.12121721929557,Y
779,56,67015.13,B,2023-02-02 10:00:00,False,38.94603239908548,Z
780,37,145698.99,E,2023-02-02 11:00:00,True,44.379974576044276,Z
781,39,32236.41,A,2023-02-02 12:00:00,False,71.77358736610958,Y
782,18,12298.67,E,2023-02-02 13:00:00,True,80.20913414383838,X
783,25,156431.65,B,2023-02-02 14:00:00,False,28.84715609677474,X
784,54,37234.93,B,2023-02-02 15:00:00,False,46.27397829663599,X
785,34,117418.51,D,2023-02-02 16:00:00,True,63.95596850629369,X
786,30,88534.53,E,2023-02-02 17:00:00,False,65.88768223967674,Z
787,33,52574.58,D,2023-02-02 18:00:00,True,76.40610245024268,Y
788,41,75222.59,E,2023-02-02 19:00:00,True,81.08209518257043,Y
789,28,30202.48,C,2023-02-02 20:00:00,False,47.566984424036285,X
790,43,63040.86,B,2023-02-02 21:00:00,True,75.0064096311248,Y
791,25,85513.04,B,2023-02-02 22:00:00,False,39.366980218085644,X
792,51,37624.11,E,2023-02-02 23:00:00,True,74.07509314184614,X
793,29,47658.93,C,2023-02-03 00:00:00,True,51.82007514731925,Z
794,57,72226.05,E,2023-02-03 01:00:00,True,63.07177126424854,X
795,41,132450.49,C,2023-02-03 02:00:00,False,69.17477986060554,X
796,31,59760.91,B,2023-02-03 03:00:00,False,70.96124081482043,X
797,52,46240.17,C,2023-02-03 04:00:00,False,61.80542345730943,Y
798,25,54838.65,E,2023-02-03 05:00:00,True,60.92452993240764,Y
799,35,120103.07,E,2023-02-03 06:00:00,False,32.370759048202885,X
800,41,40745.17,B,2023-02-03 07:00:00,False,63.148114531441834,Z
801,40,50004.11,A,2023-02-03 08:00:00,False,43.38880065809085,Z
802,18,40971.97,B,2023-02-03 09:00:00,False,46.16418396441946,X
803,30,52966.24,D,2023-02-03 10:00:00,True,62.35555437810871,X
804,44,68064.93,A,2023-02-03 11:00:00,True,83.60849235845527,Y
805,26,111338.11,E,2023-02-03 12:00:00,False,72.81799417748145,X
806,57,16734.95,B,2023-02-03 13:00:00,True,53.73302667364263,X
807,47,83557.76,B,2023-02-03 14:00:00,True,51.618262017276656,Z
808,35,35068.06,E,2023-02-03 15:00:00,False,42.14933681764729,X
809,39,85463.27,B,2023-02-03 16:00:00,False,56.00641964806383,Z
810,64,125967.72,C,2023-02-03 17:00:00,True,13.209749431210895,X
811,53,108809.84,B,2023-02-03 18:00:00,False,52.78225126971596,Y
812,46,65826.34,B,2023-02-03 19:00:00,False,43.407610001764915,Z
813,25,98784.83,A,2023-02-03 20:00:00,True,51.98201507667808,Y
814,61,33995.03,B,2023-02-03 21:00:00,False,27.806505755737323,X
815,54,57486.3,C,2023-02-03 22:00:00,True,47.53499411844771,X
816,40,148997.18,B,2023-02-03 23:00:00,True,81.92352719783926,X
817,35,37288.74,E,2023-02-04 00:00:00,True,58.43653693570852,Y
818,39,67397.39,C,2023-02-04 01:00:00,False,34.86897668991058,Y
819,27,47977.85,B,2023-02-04 02:00:00,True,46.80487454465693,X
820,36,53259.68,A,2023-02-04 03:00:00,False,57.349878221374986,X
821,51,76392.72,C,2023-02-04 04:00:00,True,13.854781743196611,Y
822,20,50934.14,C,2023-02-04 05:00:00,False,97.48374527485342,Y
823,38,59751.8,D,2023-02-04 06:00:00,True,59.66664962221499,X
824,43,44234.05,E,2023-02-04 07:00:00,False,59.624608809080144,Y
825,43,20029.93,B,2023-02-04 08:00:00,False,69.05418930168513,X
826,27,67228.76,D,2023-02-04 09:00:00,True,65.11016885441046,X
827,27,77939.02,B,2023-02-04 10:00:00,True,80.88136871185554,X
828,55,137214.97,B,2023-02-04 11:00:00,True,85.61579625695856,X
829,27,55319.5,B,2023-02-04 12:00:00,True,40.311533217829314,Y
830,54,25930.49,B,2023-02-04 13:00:00,False,20.053243724815182,Y
831,36,38085.74,A,2023-02-04 14:00:00,False,24.47175263028646,X
832,54,82804.31,C,2023-02-04 15:00:00,True,94.64451342188339,Y
833,36,56913.18,C,2023-02-04 16:00:00,True,35.61106763198222,X
834,28,70797.19,B,2023-02-04 17:00:00,False,82.09202748798347,X
835,52,48443.43,C,2023-02-04 18:00:00,True,35.80053153076851,Y
836,41,183851.81,C,2023-02-04 19:00:00,False,78.34410911359498,Y
837,59,168854.52,D,2023-02-04 20:00:00,False,78.1608140058109,X
838,52,34236.33,C,2023-02-04 21:00:00,True,59.20605867633293,X
839,39,103302.68,E,2023-02-04 22:00:00,False,43.53351552933184,X
840,36,71857.3,C,2023-02-04 23:00:00,False,75.70565611557964,X
841,42,60363.25,C,2023-02-05 00:00:00,True,45.05521081264235,X
842,44,35745.77,C,2023-02-05 01:00:00,False,83.11308382860523,Z
843,31,158406.28,B,2023-02-05 02:00:00,True,44.46954617063002,X
844,52,120469.88,A,2023-02-05 03:00:00,True,79.96730248265746,Y
845,37,24977.73,A,2023-02-05 04:00:00,True,42.53679533705801,X
846,36,137323.51,B,2023-02-05 05:00:00,True,41.64128402718935,X
847,35,58511.17,C,2023-02-05 06:00:00,True,67.67862941302751,Y
848,44,41828.18,A,2023-02-05 07:00:00,True,55.355109736493134,X
849,33,33324.67,B,2023-02-05 08:00:00,False,66.5441362916012,X
850,43,105544.95,A,2023-02-05 09:00:00,False,100.0,X
851,75,76110.18,D,2023-02-05 10:00:00,False,38.4088466947707,X
852,41,35437.02,C,2023-02-05 11:00:00,True,48.71117850035072,X
853,36,36803.25,E,2023-02-05 12:00:00,False,57.46805249452049,X
854,21,47452.58,C,2023-02-05 13:00:00,False,36.06126410832582,Z
855,42,44024.27,D,2023-02-05 14:00:00,True,25.230925294821,X
856,28,82180.08,E,2023-02-05 15:00:00,True,38.44370342763155,X
857,37,75150.06,E,2023-02-05 16:00:00,True,68.31996618651664,X
858,43,40888.74,B,2023-02-05 17:00:00,False,42.25915296510239,Y
859,21,22147.82,C,2023-02-05 18:00:00,True,42.39733387732669,Y
860,43,26892.44,B,2023-02-05 19:00:00,True,63.74327997312968,Z
861,45,100914.94,C,2023-02-05 20:00:00,False,36.84399067918574,X
862,26,32962.1,E,2023-02-05 21:00:00,False,71.52719000148673,X
863,37,64002.74,E,2023-02-05 22:00:00,False,89.75776418937585,Y
864,20,20787.47,C,2023-02-05 23:00:00,True,60.13049884594203,X
865,60,75980.8,A,2023-02-06 00:00:00,False,63.02912782865786,Y
866,45,189418.82,E,2023-02-06 01:00:00,True,42.210556067927925,X
867,39,26988.33,A,2023-02-06 02:00:00,True,60.12063038047411,X
868,40,83267.9,A,2023-02-06 03:00:00,False,63.68587133418163,Y
869,55,70507.7,D,2023-02-06 04:00:00,True,32.18474792007041,Y
870,40,103852.86,E,2023-02-06 05:00:00,True,37.74614480561852,Y
871,45,55340.25,C,2023-02-06 06:00:00,True,40.46005504931959,X
872,60,70523.06,C,2023-02-06 07:00:00,False,58.81392627880512,Y
873,37,66781.71,B,2023-02-06 08:00:00,True,45.517370272658226,Y
874,28,84432.33,C,2023-02-06 09:00:00,True,58.48090229812859,X
875,32,36189.79,E,2023-02-06 10:00:00,True,46.20653051228405,Y
876,59,67202.74,B,2023-02-06 11:00:00,True,74.75375793135369,X
877,43,97362.4,C,2023-02-06 12:00:00,True,51.764616399553425,Y
878,35,120667.53,C,2023-02-06 13:00:00,True,36.76649521289422,X
879,53,80614.79,D,2023-02-06 14:00:00,False,84.35519757129288,X
880,53,30358.33,C,2023-02-06 15:00:00,False,92.2406642728209,X
881,36,23572.9,A,2023-02-06 16:00:00,True,68.88595615446219,X
882,30,76509.89,C,2023-02-06 17:00:00,False,63.34235789488251,Z
883,23,32630.86,B,2023-02-06 18:00:00,False,54.538649418874904,X
884,20,99369.53,C,2023-02-06 19:00:00,False,63.00491797397121,Y
885,38,50378.98,C,2023-02-06 20:00:00,True,35.7055883378076,X
886,31,109860.82,A,2023-02-06 21:00:00,False,34.26004007154339,Y
887,64,214376.69,A,2023-02-06 22:00:00,False,65.51491125955776,X
888,42,57676.58,A,2023-02-06 23:00:00,False,33.63781114904283,Z
889,18,55848.6,A,2023-02-07 00:00:00,True,87.76858039917826,X
890,59,109984.61,C,2023-02-07 01:00:00,False,40.869448234400814,Y
891,43,113362.17,A,2023-02-07 02:00:00,False,64.85576104384917,X
892,50,166202.95,D,2023-02-07 03:00:00,True,32.69851118873824,X
893,50,67369.1,C,2023-02-07 04:00:00,False,54.662952233215464,X
894,45,40957.07,D,2023-02-07 05:00:00,True,62.52062752571443,Z
895,48,60151.89,C,2023-02-07 06:00:00,True,47.28008340343055,Y
896,44,41184.72,E,2023-02-07 07:00:00,True,43.639370427727364,X
897,28,69139.8,E,2023-02-07 08:00:00,False,50.14509750691816,Z
898,46,35562.83,C,2023-02-07 09:00:00,True,78.49763996407886,Z
899,54,102868.2,B,2023-02-07 10:00:00,True,73.21256173051464,Z
900,39,90989.02,A,2023-02-07 11:00:00,False,74.9105627748063,X
901,48,65083.09,E,2023-02-07 12:00:00,True,73.69879754849251,Y
902,47,60800.05,D,2023-02-07 13:00:00,False,82.35616225819678,X
903,63,53217.06,B,2023-02-07 14:00:00,True,69.6132084335663,X
904,38,131577.74,D,2023-02-07 15:00:00,True,13.93270559992844,Z
905,38,122082.28,B,2023-02-07 16:00:00,False,66.57368638954046,Y
906,40,65344.6,B,2023-02-07 17:00:00,False,63.11566266812912,Y
907,40,35810.99,D,2023-02-07 18:00:00,False,51.01612140814411,Z
908,18,29551.54,D,2023-02-07 19:00:00,True,28.492966818223174,X
909,34,71151.91,E,2023-02-07 20:00:00,False,42.747102936772805,Y
910,45,40829.61,E,2023-02-07 21:00:00,True,49.00231152878439,X
911,41,79662.98,C,2023-02-07 22:00:00,True,70.74830566233442,X
912,32,47476.15,B,2023-02-07 23:00:00,False,67.9598454434828,Z
913,34,95249.27,C,2023-02-08 00:00:00,True,34.12844493217855,X
914,37,67808.93,B,2023-02-08 01:00:00,True,65.97264341462984,Y
915,32,108970.43,D,2023-02-08 02:00:00,True,20.447525948072588,Z
916,35,15672.41,A,2023-02-08 03:00:00,True,47.3205670803431,X
917,35,52248.68,B,2023-02-08 04:00:00,True,54.71016057143126,Z
918,52,226403.23,A,2023-02-08 05:00:00,True,68.44617711428711,Y
919,54,13334.41,B,2023-02-08 06:00:00,True,50.35884791597317,X
920,53,99269.27,A,2023-02-08 07:00:00,False,65.10919362992541,Y
921,47,76941.62,E,2023-02-08 08:00:00,True,60.31635369682938,X
922,33,129497.99,B,2023-02-08 09:00:00,True,63.77569244154286,X
923,53,53951.72,D,2023-02-08 10:00:00,True,66.92786079072069,Z
924,38,122297.6,E,2023-02-08 11:00:00,False,49.91464421445582,Z
925,42,124261.5,A,2023-02-08 12:00:00,False,70.86027398803928,Y
926,58,67377.61,D,2023-02-08 13:00:00,False,82.97825866590519,Z
927,43,29780.02,B,2023-02-08 14:00:00,False,52.12930124907907,Z
928,44,103549.26,B,2023-02-08 15:00:00,True,14.276495042330936,X
929,25,33387.53,D,2023-02-08 16:00:00,False,66.84035925921505,X
930,47,55136.88,B,2023-02-08 17:00:00,True,55.39767555987462,Z
931,30,105677.25,B,2023-02-08 18:00:00,False,63.6762864769793,Y
932,54,115294.0,D,2023-02-08 19:00:00,False,40.6618445553987,X
933,39,48592.51,B,2023-02-08 20:00:00,False,46.67190788828785,X
934,18,87220.07,B,2023-02-08 21:00:00,False,56.02126910898967,X
935,37,23729.59,D,2023-02-08 22:00:00,False,51.8545118731866,Y
936,39,45097.02,A,2023-02-08 23:00:00,False,54.017546819745064,X
937,47,144545.75,D,2023-02-09 00:00:00,False,46.12892449793065,X
938,50,134058.67,B,2023-02-09 01:00:00,True,52.64956320583464,X
939,38,89458.34,E,2023-02-09 02:00:00,True,67.30789378325417,Y
940,54,54989.6,C,2023-02-09 03:00:00,True,64.67785178163116,Y
941,18,99544.11,A,2023-02-09 04:00:00,False,32.24817823190506,X
942,33,59045.47,A,2023-02-09 05:00:00,True,58.845512664483614,X
943,28,66233.2,D,2023-02-09 06:00:00,False,41.87766591351065,Y
944,26,63134.95,B,2023-02-09 07:00:00,False,61.724378075978755,X
945,53,37597.31,A,2023-02-09 08:00:00,True,76.45504274689749,Y
946,51,92554.68,D,2023-02-09 09:00:00,False,69.78067821436353,Z
947,32,31509.1,D,2023-02-09 10:00:00,False,43.15025310087369,X
948,56,95368.81,B,2023-02-09 11:00:00,False,56.67352058039198,Y
949,43,33645.63,C,2023-02-09 12:00:00,False,61.90997711032043,X
950,36,38822.47,C,2023-02-09 13:00:00,False,63.19670710641803,Y
951,33,10888.82,E,2023-02-09 14:00:00,True,39.59825988268737,Y
952,32,54521.47,A,2023-02-09 15:00:00,False,64.52670862287114,X
953,47,67071.43,A,2023-02-09 16:00:00,True,60.7465878897608,X
954,49,98345.64,B,2023-02-09 17:00:00,False,37.792187107637375,Y
955,44,131468.9,D,2023-02-09 18:00:00,True,61.50496543898372,Z
956,18,24486.37,C,2023-02-09 19:00:00,True,46.97070604604015,X
957,45,108109.13,B,2023-02-09 20:00:00,True,38.84117824318096,X
958,48,45323.43,B,2023-02-09 21:00:00,False,47.79813725295506,X
959,33,57340.58,C,2023-02-09 22:00:00,False,37.890504838652895,Y
960,42,56209.38,B,2023-02-09 23:00:00,False,42.07079110694387,X
961,19,45720.0,D,2023-02-10 00:00:00,True,81.65427537763549,X
962,27,35103.4,A,2023-02-10 01:00:00,True,31.67917385704548,Z
963,38,70794.04,C,2023-02-10 02:00:00,True,69.04905210543058,Y
964,38,97410.28,B,2023-02-10 03:00:00,False,63.40614727137641,Z
965,46,28117.21,C,2023-02-10 04:00:00,False,82.41651115087652,Z
966,27,59179.16,D,2023-02-10 05:00:00,False,91.02352451315112,Y
967,37,41051.91,A,2023-02-10 06:00:00,True,52.38928474079996,X
968,36,115560.91,B,2023-02-10 07:00:00,False,60.69986116764362,Y
969,48,80510.89,C,2023-02-10 08:00:00,False,56.16908301763551,X
970,59,148037.82,C,2023-02-10 09:00:00,False,35.1491247166835,Y
971,62,23641.08,A,2023-02-10 10:00:00,True,47.12557251635644,X
972,23,111359.39,A,2023-02-10 11:00:00,False,100.0,X
973,41,66012.49,C,2023-02-10 12:00:00,False,62.62606933162239,Y
974,28,38750.38,D,2023-02-10 13:00:00,True,26.9882676943402,Z
975,41,80299.77,B,2023-02-10 14:00:00,False,66.3886868786709,Z
976,47,153218.45,B,2023-02-10 15:00:00,False,73.97207127017475,X
977,42,156806.6,B,2023-02-10 16:00:00,False,67.75101970148387,Z
978,41,98059.62,B,2023-02-10 17:00:00,True,28.72372683322675,X
979,59,33025.56,E,2023-02-10 18:00:00,True,59.7665261825786,X
980,50,72107.84,C,2023-02-10 19:00:00,False,25.633402055964154,Z
981,38,73530.35,B,2023-02-10 20:00:00,True,50.58479227552015,Z
982,42,126147.86,B,2023-02-10 21:00:00,True,4.833052195828635,Y
983,52,54234.63,B,2023-02-10 22:00:00,True,21.863984956989924,Y
984,49,60436.17,B,2023-02-10 23:00:00,False,60.98331696210985,X
985,36,40452.95,C,2023-02-11 00:00:00,True,74.82281077498575,X
986,20,89397.89,C,2023-02-11 01:00:00,True,52.91539681104978,Y
987,27,52614.85,D,2023-02-11 02:00:00,False,67.30120196474672,X
988,43,66942.35,A,2023-02-11 03:00:00,True,88.91493540063146,Z
989,20,45173.68,C,2023-02-11 04:00:00,True,36.747086711695985,Y
990,40,61595.48,C,2023-02-11 05:00:00,True,66.38019013201236,Y
991,36,31311.86,E,2023-02-11 06:00:00,False,77.54934948806454,Z
992,53,65942.17,B,2023-02-11 07:00:00,True,58.270707672742276,X
993,26,41708.28,A,2023-02-11 08:00:00,False,62.26169115329247,Y
994,18,91089.44,E,2023-02-11 09:00:00,True,63.915020464718566,Z
995,36,181402.22,C,2023-02-11 10:00:00,True,47.078272674198395,Z
996,49,99451.04,A,2023-02-11 11:00:00,True,77.71614343714738,X
997,54,30578.32,B,2023-02-11 12:00:00,True,32.00383864109702,Y
998,31,48263.07,B,2023-02-11 13:00:00,False,47.73991248045754,Y
999,47,22792.41,D,2023-02-11 14:00:00,False,57.411404756318184,Y
1000,28,60363.63,B,2023-02-11 15:00:00,True,71.93738076253916,Y
